id,paragraph,question,choices,answer,category,question_plus
augmented-0,"""1876년, 조선은 일본과 강화도조약을 체결하게 되며, 이로 인해 조선은 일본과의 외교 관계를 시작하게 된다. 이 조약은 불평등 조약으로, 일본은 조선의 항구들에 대한 통제를 가져오게 된다. 비록 조선 정부는 이 조약이 불리하다고 인식했지만, 그러한 상황 속에서도 일본의 무역 및 통신이 조선 내에서 활발해졌고, 이는 곧 외세의 영향력이 확대되는 계기가 되었다. 이후의 사건들을 통해 조선은 일본의 침략과 내정 간섭을 점차 경험하게 되며, 이는 조선의 민족 자각 및 독립운동의 배경이 된다.""",위 지문에 설명된 사건의 결과로 나타났던 조선 사회의 특징은 무엇인가?,"['국내 산업의 발전', '민족 자각의 증대', '외교 관계의 다변화', '경제적 자립의 강화', '사회 계층의 안정']",2,사회-역사,
augmented-1,"최근 정부는 청소년의 사회 참여를 촉진하기 위해 공공기관에서의 인턴십 기회를 확대하는 방안을 논의하고 있다. 이러한 정책은 청소년들이 실제 사회에서 직업 경험을 쌓고, 미래의 진로를 설계하는 데 도움을 주기 위해 마련되었다. 전문가들은 청소년들이 다양한 직군에서 인턴십을 경험하게 될 경우 직업 선택에서의 폭이 넓어질 뿐만 아니라, 사회에 대한 이해도 깊어질 것이라고 예상하고 있다. 그러나 인턴십 정책에 대해 일정 부분 우려의 목소리도 존재하는데, 청소년들이 원치 않는 직종에 강제로 배치될 경우 오히려 부정적인 경험을 쌓을 수 있을 것이라는 지적이다. 이에 따라, 공공기관에서는 인턴십 프로그램의 방향성과 운영방안을 더 치밀하게 설계해야 할 필요성이 제기되고 있다. 이러한 정책 변경이 실제 청소년의 진로에 어떠한 긍정적 영향을 미칠 수 있을지에 대한 토론이 필요하다.",정부의 청소년 인턴십 정책에 대한 전문가의 긍정적인 견해는 무엇인가?,"['직업 경험을 쌓을 수 있어 진로 설계에 도움이 된다.', '모든 청소년에게 강제로 배치될 프로그램이다.', '사회 참여에 대한 인식을 저해할 수 있다.', '인턴십 프로그램이 반드시 성공적일 것이다.', '공공기관의 인턴십 기회가 줄어들 것이다.']",1,사회-정치와법,
augmented-2,"“19세기 중반, 서양 제국주의가 아시아와 아프리카에 확장되면서 원주율의 불평등한 경제 구조가 수립되었다. 이는 식민지 국가에서 자원 착취와 부가가치의 송금을 통해 이루어졌으며, 이러한 구조는 기존의 사회적, 정치적 갈등을 심화시켰다. 특히, 자국의 산업 발전을 위한 원재료의 공급처로서 식민지의 역할이 부각되면서, 제국주의 국가들은 자원 경쟁을 촉발시켰다.” ",위 글에서 언급된 19세기 중반의 제국주의 확장은 어떤 경제적 구조와의 관련성을 강조하고 있는가? ,"['산업화된 경제 체제', '자유 시장 경제 원칙', '사회주의 경제 모델', '농업 중심 경제 구조', '자원 고갈 문제']",1,사회-세계사,
augmented-3,"최근 연구에 따르면, 한국의 청년층이 가장 많이 소비하는 여가 활동은 온라인 게임과 영화 감상으로 나타났다. 이에 비해 전통적인 여가 활동인 독서나 운동의 비율은 지속적으로 감소하고 있다. 특히, 2030 세대는 디지털 콘텐츠에 대한 접근성이 높아지면서 이에 따른 여가 소비 패턴에 변화가 생기고 있다. 한국문화관광연구원은 이러한 변화가 청년들의 사회적 교류 방식에도 영향을 미치고 있다고 밝혔다. 여가 활동을 통해 얻는 개인적 만족감의 기준이 달라진 것도 한 원인으로 분석된다.",최근 한국 청년층의 여가 소비 패턴 변화에서 가장 두드러진 현상은 무엇인가?  ,"['온라인 게임과 영화 감상 증가', '전통적인 여가 활동 감소', '독서 비율 증가', '운동 참여율 증가', '사회적 교류 방식 변화 없음']  ",1,사회-문화,
augmented-4,"1960년대 후반, 한국은 산업화와 도시화가 급속히 진행되면서 농촌 인구의 대도시로의 이주가 시작되었다. 이로 인해 대도시는 인구 상승과 함께 다양한 사회문제를 경험하게 되었다. 자원 부족, 주택 문제, 교통 혼잡, 그리고 환경 오염이 주요한 이슈로 대두되었고, 이런 변화는 일자리와 생활 수준의 변화를 가져왔다. 대도시는 또한 다양한 사회 계층이 공존하는 공간으로 변모하면서 사회적 갈등도 증가하였다. 이러한 사회적 변화를 해결하기 위해 정부는 다양한 정책을 도입하였고, 사회 복지 시스템의 발전에도 기여하게 되었다.",한국에서 산업화와 도시화가 급속히 진행하기 시작한 시기는 언제인가?,"['1950년대', '1960년대', '1970년대', '1980년대', '1990년대']",2,사회-사회 구조와 변화,
augmented-5,"""자유 민주주의는 개인의 자유와 권리를 중시하는 정치 체제이다. 이러한 체제에서는 시민이 투표권을 가지고 정부의 정책 결정에 참여할 수 있으며, 정부는 법의 지배 아래에서 운영된다. 하지만 과거의 독재 체제와 같은 중앙집중적인 정치 체제에서는 개인의 자유가 제한되곤 했다. 따라서 민주주의의 발전은 시민의 권리를 보호하고 권력의 남용을 방지하기 위한 지속적인 노력으로 이어져야 한다."" ",이 글에서 강조하는 민주주의의 가장 중요한 원칙은 무엇입니까?,"['시민의 투표권을 보장하는 것', '정부의 정책을 변호하는 것', '중앙집중적인 권력의 필요성', '민주주의 체제를 유지하는 것', '법의 지배를 따르는 것']",1,사회-정치와 법,
augmented-6,"최근 환경부의 조사 결과, 서울의 한 대규모 아파트 단지가 불법적으로 산업 폐기물을 토양에 매립한 것으로 드러났다. 이 아파트 단지는 지난 5년간 수천 톤의 산업 폐기물을 불법으로 처리해온 혐의를 받고 있으며, 주민들은 악취와 함께 건강 문제를 호소하고 있다. 해당 아파트의 관리 측은 저비용으로 토지를 정비하기 위해 이 같은 불법 행위를 감행한 것으로 보인다. 환경부는 이 사건을 조사하기 위해 경찰과 협력하고 있으며, 업체들도 불법 하도급을 통해 폐기물을 처리하도록 유도한 정황이 포착됐다. 이 사건은 대규모 아파트 단지에서 발생한 첫 번째 환경 범죄로, 지역 주민들의 건강과 환경 보호를 위한 대책 마련의 필요성이 강조되고 있다.",이번 환경부 조사에서 적발된 아파트 단지와 관련된 사항으로 옳지 않은 것은 무엇인가?,"['수천 톤의 산업 폐기물 불법 매립', '주민들의 악취 호소', '환경부의 조사 및 경찰 협력', '아파트 관리 측의 정당한 폐기물 처리', '불법 하도급을 통한 처리 정황 포착']",4,사회-환경과 생태,
augmented-7,"최근 환경부의 보고서에 따르면, 지난 5년 동안 한국의 미세먼지 농도가 점진적으로 감소하고 있으나, 여전히 특정 지역에서는 기준치를 초과하는 날이 많았다. 2022년에는 전체 측정소의 40% 이상이 미세먼지 경고 기준을 초과한 날이 있었다. 특히, 수도권 및 대도시 지역에서는 자동차와 공장 배출이 주요 원인으로 지적되었으며, 정부는 이에 대한 대책으로 친환경 전기차 보급 확대와 산업 공정의 개선을 추진하고 있다. 또한, 지속적인 대기질 개선을 위해 시민들의 참여도 강조되고 있다. 지역별로는 강원도와 전라남북도가 미세먼지 농도가 상대적으로 낮은 것으로 나타났다.",최근 5년 동안 한국의 미세먼지 농도에 대한 보고서에서 어떤 지역에서 미세먼지 경고 기준을 초과한 날이 과반수를 차지했는가?,"['강원도', '전라남북도', '수도권', '제주도', '충청도']",3,사회-환경,
augmented-8,"2023년 3월, 정부는 탄소중립 및 지속 가능한 발전을 위한 다양한 정책을 추진하기로 결정하였다. 그 중에서도 대중교통의 전기화와 친환경 에너지 기반의 교통수단 확대가 주요 과제로 부각되고 있다. 특히, 서울시는 기존의 내연기관 버스를 전기버스로 대체하고, 이를 위한 충전소를 주요 지점에 설치할 계획이다. 이와 함께, 자전거 도로와 보행로를 동시에 확장하여 시민들이 친환경적으로 이동할 수 있는 환경을 조성할 예정이다. 시 관계자는 ""이러한 노력은 기후 변화 대응 뿐만 아니라 대기질 개선에도 큰 도움이 될 것""이라고 밝혔다. 또한, 각 지방 자치단체는 지역민의 의견을 반영하여 구체적인 실행 계획을 수립하고, 이를 통해 광역 교통망이 보다 효율적으로 운영되도록 할 예정이다.",서울시가 추진하는 대중교통 전기화의 주요 목적은 무엇인가?,"['기후 변화 대응과 대기질 개선', '교통 혼잡 해소', '운송 비용 절감', '자전거 이용 증대', '관광 활성화']",1,사회-환경과 발전,
augmented-9,"18세기 말, 한 상인이 자국의 농민들로부터 수확물을 사들이는 과정에서 농민들이 올바른 가격에 대해 제대로 알지 못함을 이해하게 되었다. 그는 이러한 경제적 불균형을 바로잡기 위해 농민들에게 시장가격에 대한 교육을 시작했고, 동시에 자비로 쌀과 곡물을 수매하여 정기적으로 저렴하게 판매하기로 결심했다. 이 상인은 점차 지역 사회에서 존경받는 인물로 자리 잡았는데, 그의 행동은 농민들의 삶을 개선하기 위한 의도로 여겨졌다. 그러나 그의 활동에는 일부 상인들의 반발이 있었고, 대립이 생기기도 했다. ",다음 중 이 상인이 추진한 활동이 가져온 사회적 영향으로 가장 적절한 것은 무엇인가?,"['농민들의 자립적인 경제 활동 촉진', '상인의 경제적 이익 증가', '시장 가격의 안정화', '상인 간의 신뢰 강화', '농민들의 정부에 대한 의존도 증가']",1,사회-경제사,
augmented-10,"19세기 말, 한국은 외세의 침략과 내부의 사회적 갈등으로 어려움을 겪고 있었다. 이 시기에 독립운동가들은 민족의 자존감을 높이고자 다양한 방법으로 민중의식을 일깨우기 위해 노력했다. 특히, 정주행동과 두암촌의 농민들이 주최한 '해방의 밤'이라는 행사는, 젊은 세대들에게 민족의 정체성을 강하게 각인시키는 계기가 되었다. 이들은 그러한 행사를 통해 서로의 고난을 나누고, 교육의 중요성을 강조하며, 다음 세대에게 건전한 민족 의식을 심어주고자 하였다. ",'해방의 밤' 행사와 같은 민족의식을 고취하려는 노력은 무엇을 목표로 했습니까? ,"['농업 생산성 향상', '외세의 간섭 제거', '젊은 세대의 민족 정체성 확립', '사회적 갈등 해소', '과학 기술 발전']",3,사회-역사,
augmented-11,"“민주주의는 시민의 의견이 중요하게 여겨지는 사회체제입니다. 그러나 이 체제 내에서 시민들이 자신의 의견을 얼마나 실질적으로 표현할 수 있는가는 여러 요인에 의해 영향을 받습니다. 교육, 정보의 접근성, 사회적 관습 등이 모두 시민의 의사결정에 미치는 영향을 고려해야 합니다. 또한 민주주의는 때로 다수를 존중하는 대신 소수를 억압하는 결과를 초래하기도 하므로, 모든 시민이 공정하게 대우받아야 하는 의무도 따릅니다.”",본문에서 언급된 민주주의의 특성을 바탕으로 설명할 수 있는 주요 요인은 무엇인가요?, ,4,사회-정치와 법,
augmented-12,"최근 정부는 청년층의 주거 안정을 위해 ‘청년 월세 지원 정책’을 도입하였다. 2023년부터 시행되는 이 정책은 서울 및 수도권 지역에서 거주하는 만 19세에서 34세까지의 청년들을 대상으로 하며, 월세의 일부를 지원해준다. 정부는 청년들이 경제적 부담을 줄이고 독립적인 삶을 영위할 수 있도록 돕기 위해 이 정책을 추진하기로 하였다. 지원을 받으려면 소득 기준을 충족해야 하며, 자세한 기준은 월세의 40%를 지원받을 수 있는 1인 가구 기준으로 월 소득 300만 원 이하로 정해졌다. 정부 관계자는 “청년층의 주거 문제를 해결하고 주거 안정성을 높이기 위한 노력이 계속될 것”이라고 발표하였다. ",정부가 청년 월세 지원 정책을 도입한 주된 이유는 무엇인가?,"['청년층의 경제적 부담을 덜어주기 위해', '주택 공급을 늘리기 위해', '물가 상승을 억제하기 위해', '주거지 품질을 높이기 위해', '청년층의 고용 안정성을 높이기 위해']",1,사회-경제,
augmented-15,"최근 청소년들의 인터넷 중독이 심각한 사회적 문제로 대두되고 있다. 한국청소년정책연구원은 ""2022 청소년 인터넷 중독 현황 보고서""를 발표하며, 10대 청소년의 약 25%가 중독 수준으로 조사되었다고 밝혔다. 연구원들은 장시간의 인터넷 사용이 청소년의 신체 건강과 정서적 발달에 부정적인 영향을 미친다고 경고하며, 부모와 사회의 관심이 필요하다고 주장했다. 이에 따라 정부는 청소년 인터넷 중독 예방을 위한 다양한 프로그램을 마련하고 있으며, 학교 및 지역사회에서도 관련 교육을 확대하고 있다. 이번 보고서는 청소년 이상행동의 원인 중 하나로 인터넷 중독을 지적하고 사회적 대책 마련의 시급함을 강조했다.",2022 청소년 인터넷 중독 현황 보고서에서 10대 청소년의 인터넷 중독 비율은 얼마로 조사되었는가?,"['10%', '15%', '20%', '25%', '30%']",4,사회-사회문제 ,
augmented-16,"2023년 9월, 한국 정부는 온실가스 감축을 위해 ‘재생 가능 에너지 확대 정책’을 발표했다. 이 정책은 태양광, 풍력 등 친환경 에너지의 비율을 2040년까지 50% 이상으로 늘리는 것을 목표로 한다. 또한, 에너지 효율을 높이기 위해 기존의 에너지 소비 패턴을 정비하고, 스마트 그리드 기술을 도입하여 에너지 관리 시스템을 개선할 예정이다. 이에 따라, 정부는 필요한 기술 개발과 연구 지원을 통해 전국의 재생 가능 에너지 생산을 확대하고, 재생 에너지 산업의 경쟁력을 강화할 계획이다. 특히, 소규모 분산형 에너지원의 발굴 및 지원을 통해 지역 경제 발전에도 기여하고자 한다. 이러한 변화는 한국의 에너지 정책 전반에 큰 영향을 미칠 것으로 예상되며, 국제 사회에서도 기후 변화 대응에 대한 긍정적인 평가를 기대하고 있다.",한국 정부가 2040년까지 목표로 하는 재생 가능 에너지 비율은 무엇인가?  ,"['30%', '40%', '50%', '60%', '70%']  ",3,사회-환경  ,
augmented-17,"“중세 유럽의 상업 활동이 활발해지면서 상인 계급의 부상이 이루어졌다. 특히 이탈리아의 도시 국가들은 지리적 위치 덕분에 동방 무역에서 중요한 역할을 하였고, 베네치아, 피렌체, 제노바와 같은 도시는 경제적 번영을 누렸다. 이러한 도시들은 금융 시스템의 발전과 함께 상업적 법률의 정립으로 인해 상인들에게 더 많은 권리를 부여하였다. 상인들은 이익을 추구하는 동시에, 그들만의 사회적인 네트워크를 형성하여 서로의 거래를 보호하고 신뢰를 구축했다. 이러한 배경 속에서 르네상스가 일어났으며, 예술과 과학 역시 상인들에 의한 후원으로 발전하게 되었다.”",중세 유럽 상인 계급의 부상과 가장 관련 깊은 사건은 무엇인가?,"['산업 혁명', '루터의 종교 개혁', '십자군 전쟁', '프랑스 혁명', '르네상스']",5,사회-역사,
augmented-18,"최근 한국의 대중교통 체계에 대한 평가가 이루어지고 있다. 많은 시민들이 지하철 및 버스 이용의 편리함을 높게 평가하고 있지만, 혼잡하고 불편한 대중교통 환경은 여전히 개선이 필요하다는 목소리가 많다. 특히 출퇴근 시간의 혼잡 문제는 반복적으로 지적되어 왔다. 정부는 대중교통 이용 활성화를 위해 다양한 정책을 추진하고 있으며, 카셰어링과 같은 새로운 교통 수단 도입도 검토하고 있다. 그러나 이러한 정책들이 실제로 대중교통 문제를 해결하는 데 얼마나 효과적일지는 앞으로의 변화에 따라 살펴봐야 할 것으로 보인다. 특히, 대중교통의 질 향상은 환경 문제 해결에도 기여할 수 있다는 점에서 중요하다.",한국의 대중교통 체계 개선을 위해 정부가 추진하고 있는 정책 중 하나는 무엇인가?,"['지하철 요금 인상', '카셰어링 도입 검토', '버스 노선 축소', '대중교통 전면 무료화', '지속적인 혼잡도 감소계획 포기']",2,사회-교통 정책,
augmented-19,"최근 정부는 기후변화 대응을 위한 정책을 적극적으로 추진하고 있다. 이를 위해 재생 에너지 보급을 확대하고, 온실가스 감축 목표를 설정하며, 기후 변화에 따른 재난 관리 및 대응 체계를 구축하기 위한 여러 방안을 마련하고 있다. 세계적으로 기후 변화가 심각한 문제로 대두됨에 따라, 각국은 탄소 중립 목표를 세우고 다양한 정책을 통해 이를 실현하기 위해 노력하고 있다. 한국 정부도 2050 탄소 중립을 목표로 하고 있으며, 이를 위해 2030년까지 온실가스를 2018년 대비 40% 이상 감축하는 방안을 추진하고 있다.",한국 정부의 2050 탄소 중립 목표 달성을 위해 설정한 2030년 온실가스 감축 목표는 몇 퍼센트 이상인가?,"['20%', '30%', '35%', '40%', '50%']",4,사회-환경과 지속 가능성,
augmented-21,"최근 한국의 기후 변화 대응을 위한 정책이 강화되고 있다. 정부는 탄소 배출을 줄이기 위한 다양한 조치를 시행하고 있으며, 이중에서는 고온 다습한 여름철에 보건 및 안전 문제를 해결하기 위한 기후 적응 전략도 포함되어 있다. 예를 들어, 도시는 녹색 공간을 확대하고, 열섬 현상을 완화하기 위해 인프라 개선 사업을 진행 중이다. 또한, 재생 에너지 사용을 장려하기 위해 시민과 기업에 세금 혜택을 제공하는 정책도 시행되고 있다. 이러한 변화들은 기후 변화에 대한 시민의 인식을 높이고, 지속 가능한 발전을 위한 노력이 필요하다는 점을 깔고 있다. 하지만 일부 전문가들은 이러한 정책이 실제로 얼마나 효과를 볼 수 있을지 의문을 가지고 있으며, 보다 체계적이고 일관된 접근이 필요하다고 주장하고 있다. ",최근 한국 정부가 시행하고 있는 기후 변화 대응 정책의 주요 내용 중 하나로 맞는 것은 무엇인가?,"['재생 에너지 사용 장려', '가계 소득 세금 인상', '탄소 배출량 증가', '중국과의 협력 강화', '기후 변화 부정적 인식']",1,사회-환경 정책,
augmented-22,"최근 한국의 지방자치제도가 개편되어 각 지역의 주민들이 더 많은 권한을 가지게 되었다. 특정 정책의 결정에 있어 주민들의 참여를 높이기 위해 '주민참여예산제'가 도입되었다. 이 제도를 통해 주민들은 자치구 예산안에 대해 논의하고, 우선순위를 정하여 직접 예산을 편성하는 권한을 갖게 된다. 이러한 변화는 공공의사 결정 과정에서 주민의 의견을 반영하고, 민주적인 참여를 확장하려는 목적으로 시행되고 있다. 주민참여예산제는 특히 예산의 투명성과 지역사회의 협력 증진에 기여할 것으로 기대된다.",주민참여예산제의 주된 목적은 무엇인가?,"['예산 투명성 증진', '정치인 선거 기회 증가', '행정의 복잡성 감소', '세금 삭감', '기업 투자 유치']",1,사회-정치와 법,
augmented-23,"최근 한국에서 인공지능(AI) 기술 발전이 급속도로 이루어지고 있다. 이에 따라 정부는 AI 관련 산업을 육성하기 위해 ‘AI 국가 전략’을 발표하였다. 이 전략은 인공지능 연구개발을 통한 경제 성장, 인재 양성, 그리고 사회적 수용성을 높이는 것에 중점을 두고 있다. 특히, 정부는 AI 시스템의 안전성과 윤리를 고려한 규제 체계를 마련할 예정이며, 대학과 연구소와의 협력을 통한 혁신 생태계 조성을 목표로 하고 있다. 이와 같은 노력은 AI 기술이 의료, 교육, 제조업 등 다양한 분야에 적용될 수 있도록 하는 데 기여하고 있다. 이에 따라 기업과 학계는 AI 인재 양성을 위한 다양한 프로그램을 운영하며, 인공지능 카운셀링 서비스와 같은 새로운 직무도 등장하고 있다.",정부가 발표한 AI 국가 전략의 주요 초점 중 하나가 아닌 것은 무엇인가?,"['AI 연구개발을 통한 경제 성장', 'AI 인재 양성', 'AI 기술의 국제적 경쟁력 강화', 'AI 시스템의 안전성과 윤리적 고려', 'AI 관련 새로운 직무 창출']",3,사회-과학,
augmented-24,"2023년 한국 정부는 탄소중립 목표를 달성하기 위한 다양한 정책을 추진하고 있다. 이를 위해 에너지 전환 및 지속 가능한 개발을 위한 새로운 법안을 제정하고, 에너지 효율성을 높이기 위한 지원금을 확대하는 방안이 논의되고 있다. 정부는 2050년까지 탄소중립을 이루기 위해 신재생에너지 개발에 대한 투자를 강조하며, 이를 뒷받침하기 위한 민간 기업과의 협력을 강화하고 있다. 또한, 각 지역에서의 탄소 배출량을 줄이기 위한 지역 맞춤형 계획 수립과 주민 참여를 장려하고 있다. 이러한 정책은 기후 변화에 대응하기 위한 한국의 의지를 반영하고 있으며, 국제사회에서도 긍정적인 평가를 받고 있다.",한국 정부의 탄소중립 목표 달성을 위한 정책 중 어떤 방식으로 민간 기업과 협력을 강화하고 있는가?,"['신재생에너지 개발에 대한 투자 확대', '전통 에너지 산업 지원 강화', '자원 재활용 의무화', '에너지 소비 감축 목표 강화', '정책 실행에 따른 규제 완화']",1,사회-환경,
augmented-25,"2020년 코로나19 팬데믹으로 인해 전 세계 많은 국가들이 봉쇄 조치를 시행하고 사회적 거리 두기 정책을 도입하였다. 이러한 상황 속에서 사회적 약자와 저소득층은 경제적 어려움을 겪으며 생계 위기에 직면하였다. 정부는 이러한 문제 해결을 위해 긴급 재난지원금을 지급하고 다양한 복지 정책을 강화하는 등의 노력을 기울였다. 이러한 정책들은 사회 안전망을 강화하고, 코로나19로 인한 경제적 영향을 완화하기 위해 마련되었다.",2020년 코로나19 팬데믹 동안 정부가 시행한 주된 정책의 목적은 무엇인가?,"['긴급 재난지원금 지급', '국가 이미지 개선', '정치적 안정 유지', '사회 갈등 심화', '국제적 협력 강화']",1,사회-경제,
augmented-26,"2020년 국내에서 발생한 COVID-19 팬데믹은 경제, 사회, 문화 등 다양한 분야에 심각한 영향을 미쳤습니다. 정부는 이를 극복하기 위해 여러 정책을 시행했으며, 특히 필요한 지원을 받지 못한 저소득층을 위한 긴급재난지원금 지급을 결정했습니다. 이로 인해 가계의 경제적 부담이 덜어지고 소비 촉진 효과도 나타났습니다. 그러나 일부 사람들은 이러한 정책이 재정 부담을 증가시킬 수 있다고 우려하기도 했습니다.",COVID-19 팬데믹에 대응하여 정부가 시행한 정책 중 어떤 것이 저소득층에 대한 지원을 목적으로 했습니까?,"['고용 유지지원금', '긴급재난지원금', '부동산 정책', '소상공인 대출 지원', '전국민 건강보험 확대']",2,사회-경제,
augmented-27,"최근 한국과 일본 양국이 열린 정상회담에서 양국 간의 경제 교류를 활성화하기 위한 다양한 방안이 논의되었다. 이번 회담에서는 기술 협력과 인프라 구축을 포함하여 총 70억 달러 규모의 공동 프로젝트가 추진될 예정이며, 또한 문화 교류를 위한 프로그램도 확대하기로 합의했다. 하지만 두 나라 간의 역사적 논쟁과 관련된 문제는 여전히 해결의 실마리를 찾지 못하고 있다. 양국 정상은 상호 이해와 신뢰를 기반으로 한 협력을 강조하며 협약을 체결하였다.",한국과 일본이 정상회담에서 합의한 경제 교류 공동 프로젝트의 총 규모는 얼마인가?,"['30억 달러', '50억 달러', '70억 달러', '90억 달러', '100억 달러']",3,사회-경제,
augmented-29,"최근 한국의 한 대형 IT 기업 B사가 SNS(소셜 네트워크 서비스) 플랫폼에서 사용자들의 게시글과 사진을 동의 없이 활용하여 광고 캠페인에 활용했다는 의혹이 일고 있다. 개인정보보호위원회는 B사에 대한 조사를 착수하였으며, 관계자는 “우리는 B사가 사용자의 동의 없이 개인정보를 상업적으로 이용하고 있다는 여러 제보를 접수했다”고 전했다. B사의 플랫폼에서 사용자들이 개인적으로 작성한 게시글이나 공유한 사진은 광고 등의 마케팅 자료로 쓰이기 전에 사용자에게 동의를 받지 않았다. 예를 들어, B사는 한 사용자의 게시글을 광고에 인용하면서 “당신도 B사의 서비스로 더 많은 친구를 만들 수 있습니다!”라는 문구를 사용하는 경우가 발생했다. 이에 대해 전문가들은 B사의 행위가 개인정보보호법 위반의 가능성이 크다고 경고하며, 사용자의 명시적인 동의를 받지 않은 광고 활용은 법적으로 문제가 될 수 있다고 입을 모았다.",B사가 사용자들의 게시글과 사진을 동의 없이 활용한 이유는 무엇인가?,"['사용자에게 수익을 나누기 위해서', '광고 효과를 극대화하기 위해서', '서비스 이용자가 많아졌기 때문', '법적 절차를 준수하지 않기 위해서', '사용자들의 의견을 반영하기 위해서']",2,사회-정치와 법,
augmented-30,"1970년대 한국은 경제 성장을 위해 다양한 산업화 정책을 추진했습니다. 이 시기에 정부는 중화학공업을 중심으로 한 자원 배분 정책을 통해 경제 기초를 다졌습니다. 이러한 과정에서 대기업 중심의 경제 구조가 형성되어 지역 간 불균형이 심화되었고, 이에 따라 농촌은 인구 유출과 경제적 어려움을 겪었습니다. 이와 함께 노동자의 권리와 복지에 대한 관심이 부족했던 시기로 평가됩니다. 이러한 역사적 맥락 속에서 한국 경제가 나아간 방향성은 무엇일까요? ",위 글에서 언급한 1970년대 한국의 경제 발전 과정에서 나타난 주요 문제점은 무엇이라고 할 수 있습니까?,"['농촌과 도시 간의 경제적 격차', '기술 발전의 저조', '국제 무역의 증가', '소득 분배의 평등성', '노동자의 권리 보장']",1,사회-경제,
augmented-31,"“산업혁명은 인류 역사에서 중요한 전환점으로 여겨집니다. 이는 생산 방식의 혁신과 도시화의 급격한 진행을 가져왔습니다. 산업혁명 초기에는 수공업을 기반으로 하던 생산 방식이 기계화되면서 대규모 생산이 가능해졌습니다. 특히 섬유 산업에서의 기계화는 노동력을 효율적으로 활용할 수 있도록 하였고, 이는 결국 많은 이민과 도시로의 이주를 촉진시켰습니다. 그러나 산업화의 결과로서 환경 문제와 근로자의 권리문제도 대두되었습니다. 많은 노동자들이 열악한 작업 환경에서 장시간 일하게 되었고, 이로 인해 노동조합의 필요성이 강조되었습니다. 이러한 변화는 정부의 정책 및 사회적 움직임에도 큰 영향을 미쳤습니다. 결국, 산업혁명은 경제적인 측면뿐만 아니라 사회적, 정치적 변화에도 큰 기여를 하였다는 점에서 중요한 사건이라 할 수 있습니다.”",위 글에서 산업혁명의 결과로 대두된 문제 중 하나는 무엇인가요?,"['환경 문제', '소비자 권리 문제', '주택 부족 문제', '정보 접근성 문제', '정치적 민주화 문제']",1,사회-경제사,
augmented-32,"○전북 전주시 송천동 하숙용 다가구 주택=대지 200㎡, 연면적 250㎡의 5층 건물. 총 10가구가 입주 가능하며, 월세 예상 수익은 250만원. 보증금 2000만원, 실투자 2억5000만원. 전주대학교 인근. 5억만원. (063)123-4567 전주 세람공인 최민욱○경기 남양주시 화도읍 대규모 아파트 단지 내 상가=신규 입주 아파트 단지 내 1층 점포 75㎡. 보증금 5000만원, 월세 350만원에 커피전문점으로 장기 임대. 실투자 3억원. 7억5000만원. (031)123-7890 남양주 한별공인 이수정○대구 수성구 범어동 고급 오피스텔=대지 300㎡의 7층 건물. 총 20실 중 15실 임대 완료. 보증금 1억원, 월세 500만원 예상. 실투자 10억원, 수익률 6%. 15억. (053)987-6543 대구 제일공인 박상훈○부산 해운대구 해수욕장 인근 상가=대지 150㎡, 3층 건물로 1층은 식당, 2층은 카페, 3층은 사무실. 보증금 8000만원, 월 700만원에 장기 임대. 실투자 6억원, 수익률 14%. 10억원. (051)123-1111 부산 해운대공인 김지혜○경기 성남시 분당구 판교역 근처 상업시설=대지 500㎡, 연면적 1,000㎡의 대형 상가. 보증금 2억원, 월세 1,000만원에 대형 마트 입점 예정. 실투자 20억원, 수익률 6%. 28억원. (031)456-7890 성남 분당공인 오준호",다음 중 지문에서 언급된 상가의 월세가 가장 높은 상가는 어디인가?,"['전북 전주시 송천동 하숙용 다가구 주택', '경기 남양주시 화도읍 대규모 아파트 단지 내 상가', '대구 수성구 범어동 고급 오피스텔', '부산 해운대구 해수욕장 인근 상가', '경기 성남시 분당구 판교역 근처 상업시설']",5,사회-경제,
augmented-33,"최근 한국 사회에서는 고령사회로의 진입에 따른 다양한 사회적 문제들이 대두되고 있다. 특히, 노인 인구의 증가에 따라 연금 제도, 건강 관리, 노인의 사회적 참여와 같은 문제들이 중요시되고 있다. 한국은 2025년까지 노인 인구 비율이 20%를 초과하게 될 것으로 전망되며, 이는 사회 경제적 활동에 많은 영향을 미칠 것으로 예상된다. 이에 따라 정부는 노인 복지 정책을 강화하고 있으며, 사회 각계에서 노인의 삶의 질 향상을 위해 다양한 프로그램과 사업을 추진 중이다. 그러나 일부 전문가들 사이에서는 이러한 정책들이 필요에 비해 충분하지 않다고 지적하고 있으며, 더 체계적인 접근이 필요하다는 목소리가 나오고 있다.",고령사회에 진입하면서 한국 사회에서 대두된 주요 문제 중 하나가 아닌 것은 무엇인가?,"['연금 제도', '건강 관리', '노인의 사회적 참여', '청년 실업', '노인 복지 정책']",4,사회-인구와 사회문제,
augmented-34,"2022년 한국의 일인당 국민총소득(GNI)은 약 3만 달러에 달하여 경제 협력 개발 기구(OECD) 국가 중 상위를 차지하고 있다. 그러나 최근 몇 년간 고용 시장의 불안정성과 저출산 문제가 계속해서 대두되고 있다. 2021년 국내 총생산(GDP)은 약 2000조 원에 달했지만, 청년 실업률은 8%를 넘으며 큰 사회적 이슈로 떠올랐다. 더불어 경제 성장을 위해 지속 가능한 발전 목표(SDGs)를 내세우며 친환경 산업에 대한 투자가 증가하고 있다. 이러한 변화는 일본, 독일 등 다른 선진국과의 경제 협력을 통해 이루어지고 있다.",2022년 한국의 청년 실업률은 대략 몇 퍼센트였는가?,"['5%', '7%', '8%', '10%', '12%']",3,사회-경제,
augmented-35,"19세기 후반, 한국은 일본의 압박을 받아 개항을 하게 되었고, 이후 일본의 정치적 간섭이 심화되었다. 이 과정에서 한국은 국가 주권을 잃고 외세의 영향력 아래 놓이게 되었다.",다음 중 위 지문에서 설명하는 시대의 특징으로 올바른 것은 무엇입니까?,"['한국은 외세의 압력으로 인해 자주적인 외교 정책을 유지했다.', '한국은 일본과의 관계에서 경제적 독립을 유지할 수 있었다.', '한국은 개항 이후 일본과의 정치적 갈등이 증가했다.', '한국은 이 시기에 유럽 세력과도 활발한 외교를 수행했다.', '한국의 개항은 내부의 정치적 혼란을 해결하는 계기가 되었다.']",3,사회-역사,
augmented-36,"최근 한국의 한 대학교에서 '성평등 교육 강화 방안'에 대한 연구가 진행되었다. 연구팀은 성별에 따른 교육 기회의 불균형 문제를 해결하기 위한 구체적인 방안을 제시하였다. 이들은 특히 성차별의 역사적 배경과 여성의 교육적 참여도를 높이기 위한 정책적 노력이 필요하다는 점을 강조하였다. 연구 결과, 성비 불균형이 여전히 존재하는 전공과정과 실질적인 성평등을 달성하기 위한 프로그램 설계가 중요하다는 시사점이 도출되었다. 따라서, 이러한 방안을 통해 교육 현장에서의 성평등이 더욱 가속화될 것으로 기대하고 있다.",'성평등 교육 강화 방안' 연구의 주요 시사점은 무엇인가?,"['역사적 성차별 문제가 해결되었다는 주장', '여성의 교육적 참여도를 높이기 위한 정책적 노력이 필요하다는 주장', '남녀 모두에게 평등한 교육 기회를 제공할 필요 없다는 주장', '특정 전공에 대한 성소수자의 참여도가 높아졌다는 주장', '성차별 교육이 이미 충분히 이루어졌다는 주장']",2,사회-문화와 사회문제,
augmented-37,"최근 정부는 청년층의 주거 부담 해소를 위한 정책을 마련하고자 다양한 방안을 검토하고 있다. 주거비 지원을 받는 조건으로 소득 기준을 설정하는 방안이 논의되고 있으며, 이는 청년 고용률이 낮은 상황 속에서 그들의 주거 안정을 도와줄 것으로 기대된다. 또한, 자취를 하는 청년들에게는 공공임대주택에 대한 정보 제공과 함께 저렴한 가격의 주거 옵션을 늘려나가겠다는 계획도 담고 있다. 이러한 조치는 주거 안정성을 높이고 사회적 불평등을 해소하는 데 중요한 단계로 평가되고 있다. 정부는 정책 시행에 대해 청년층의 의견을 적극적으로 수렴하고 있으며, 시행 일정은 오는 하반기에 예정되어 있다.",정부가 청년층의 주거 부담 해소를 위해 검토하고 있는 주거비 지원의 조건은 무엇인가?,"['연령 제한', '소득 기준', '자산 기준', '주거 형태', '교육 수준']",2,사회-경제정책,
augmented-39,"최근 한국의 청년 실업률이 2023년 상반기 기준으로 10%를 넘어서면서 사회적 문제가 되고 있다. 통계청에 따르면, 청년층(15~29세) 실업자는 약 40만 명으로 집계되었으며, 이는 지난해 같은 시점에 비해 5만 명 증가한 수치이다. 전문가들은 고용의 본질이 변화하고 있으며, 비정규직과 프리랜서 일자리가 많이 늘어난 반면 안정적인 정규직 일자리는 감소하고 있다고 분석하고 있다. 특히 정보통신기술(ICT) 분야의 발전이 많은 일자리 기회를 창출했지만, 이에 대한 교육 및 훈련이 미흡하여 청년들이 취업에 어려움을 겪고 있다는 지적이 제기된다. 또한, 한편으로는 현실과 이상 간의 괴리가 커지고 있어서 '스펙'이 과도하게 중요시되면서 구직의 부담이 가중되고 있다.",2023년 상반기 청년 실업률이 몇 퍼센트로 집계되었는가?,"['8%', '10%', '12%', '15%', '7%']",2,사회-경제,
augmented-40,"한국 사회는 급속한 도시화와 고령화로 인해 여러 가지 사회적 문제에 직면하고 있다. 특히, 노인 인구의 증가로 인해 연금, 의료, 사회복지 등 관련 제도의 개선이 절실히 요구되고 있다. 2020년 기준으로 65세 이상의 노인 인구가 전체 인구의 15.5%를 차지하며, 2030년에는 이 비율이 24%로 증가할 것으로 전망된다. 이에 따라 정부는 노인 복지 정책을 강화하고 있지만, 여전히 불만족스러운 실정이다. 이 외에도 젊은 세대의 경제적 어려움, 청년 실업률의 증가, 저출산 문제 등 다양한 요인이 결합하여 사회적 갈등을 초래하고 있다. 사회구조와 경제상황의 변화가 복합적으로 작용하여, 앞으로의 사회 안정성을 위협하고 있는 상황이다.",한국 사회에서 고령화에 따른 문제를 해결하기 위해 정부가 강화하는 정책은 무엇인가?,"['청년 창업 지원', '노인 복지 정책', '환경 보호 법안', '일자리 창출 프로그램', '주택 임대 보조금']",2,사회-인구와 사회문제,
augmented-41,"""시민 권리와 자유의 중요성을 논의할 때, 국가는 개인의 사생활을 존중하고 보호해야 합니다. 그러나 때때로 국가의 안전과 질서를 유지하기 위해 정부는 개인의 자유를 제한할 필요가 있다고 주장하는 이론도 있습니다. 이는 공익과 개인 권리 사이의 균형을 찾는 문제로, 민주 사회에서 중요한 쟁점이 되고 있습니다. 따라서 시민들은 자신의 권리를 알고 이를 주장할 필요가 있으며, 이러한 권리의 보장은 민주주의의 근본 원칙 중 하나입니다."" ","시민 권리와 자유의 중요성에 대한 논의에서, 개인의 사생활 보호가 우선시 되어야 한다고 주장하는 입장을 무엇이라 하는가?","['자유주의', '집단주의', '사회계약론', '공공선론', '전체주의']",1,사회-정치와 법,
augmented-43,"최근 들어 미국과 중국 간의 무역 갈등이 심화되고 있다. 미국은 중국산 제품에 대한 관세를 인상하고, 중국은 이에 대해 보복 조치를 취하고 있다. 이러한 갈등은 글로벌 경제에 부정적인 영향을 미치고 있으며, 여러 국가들도 이러한 사태에 대해 우려를 표하고 있다. 특히, 미국의 기술 기업들이 중국의 기업들과의 협력에 어려움을 겪으면서 기술 이전과 혁신에 대한 리스크도 높아지고 있다. 일부 경제학자들은 이러한 무역 갈등이 장기화될 경우, 세계 경제 성장률이 둔화될 것이라고 경고하고 있다. 반면, 중국 또한 자국의 경제 성장을 이어가기 위해 다양한 대책을 모색하고 있지만, 미국과의 관계 개선이 쉽지 않은 상황이다. 이러한 경제적 긴장은 국제 정치에도 영향을 미치고 있으며, 두 국가의 외교 관계가 더욱 복잡해지고 있음을 시사한다.",미국과 중국의 무역 갈등이 장기화될 경우 어떤 경제적 결과가 우려된다고 언급된가?,"['세계 경제 성장률의 증가', '무역 불균형의 해소', '세계 경제 성장률의 둔화', '국제 정치 안정화', '기술 혁신의 촉진']",3,사회-경제와 정치,
augmented-44,"IT기업 A사는 최근 싱가포르에 있는 자회사 ‘A Tech’가 아시아 태평양 지역의 주요 바이어와 협력하여 5G 통신망 구축 프로젝트를 성사시켰다고 20일 발표했다. 이번 프로젝트는 계약금액 약 150억원에 달하며, 내년 1분기부터 본격적으로 착공할 예정이다. A사는 “A Tech가 지난해에도 호주와 뉴질랜드에서 대규모 통신 인프라 프로젝트를 성공적으로 수행한 경험을 바탕으로 이번 사업에도 자신감을 보이고 있다”며, “글로벌 시장 진출과 더불어 현지 인력 양성을 통해 경쟁력을 높여 나갈 것”이라고 밝혔다. 싱가포르는 기술 혁신을 중심으로 빠르게 성장하고 있으며, 5G 실증 사업 확대와 관련된 다양한 기회가 창출되고 있다. A Tech는 통신 장비 제조와 소프트웨어 개발 분야에서 풍부한 경험을 가지고 있으며, 이를 바탕으로 아시아 시장에서의 입지를 더욱 강화할 계획이다.",A Tech가 수주한 싱가포르의 5G 통신망 구축 프로젝트의 계약금액은 얼마인가?,"['약 100억원', '약 150억원', '약 200억원', '약 250억원', '약 300억원']",2,사회-경제,
augmented-45,"한국의 한 지방자치단체는 최근 관광 활성화를 위해 '스마트 관광 도시'를 조성하는 프로젝트를 진행 중이다. 이 프로젝트는 인공지능(AI)과 빅데이터를 활용하여 관광객의 이동 패턴을 분석하고, 맞춤형 관광 정보를 제공하는 서비스로 구성되어 있다. 이와 함께 지역 음식점과 숙박시설 등의 데이터를 연계하여 관광객들이 더욱 편리하게 이용할 수 있도록 할 예정이다. 이 같은 스마트 관광 도시는 지난 5년 간 국내외에서 많은 성과를 거둔 바 있으며, 특히 청년 창업과 일자리 창출에 큰 기여를 하고 있다. 관련 전문가는 ""디지털 전환이 여행 산업에 새로운 변화를 가져오고 있으며, 지역 경제 활성화에도 큰 도움을 줄 것""이라며 긍정적인 반응을 보였다. 그러나 일부 전문가들은 이와 같은 프로젝트가 모든 지역에 동일하게 적용될 수 없으며, 지역 특성에 맞는 맞춤형 접근이 필요하다는 경고를 했다.",최근 진행 중인 '스마트 관광 도시' 프로젝트의 주요 목표는 무엇인가?,"['관광객 수 증가', 'AI와 빅데이터 활용한 맞춤형 관광 정보 제공', '관광지의 물리적 개선', '국제 관광 유치', '지역 문화 보존']",2,사회-경제,
augmented-46,"최근 정부는 대기오염과 온실가스 배출 문제에 대응하기 위해 ‘2050 탄소중립 목표’를 설정하였다. 이 정책의 일환으로 탄소배출권 거래제, 재생에너지 비율 확대, 에너지 효율 개선 등이 포함되어 있다. 탄소배출권 거래제는 기업들이 할당된 탄소배출량을 초과하여 배출할 경우, 남는 배출권을 다른 기업에 판매하거나 구매하는 제도이다. 이와 함께, 재생에너지를 통해 에너지원의 다변화를 꾀하고, 일반 국민과 기업들이 자발적으로 에너지 효율을 높일 수 있도록 다양한 인센티브를 제공하고 있다. 이러한 정책은 기후 변화에 적극 대응하고 지속 가능한 발전을 도모하기 위해 마련된 것이다.",2050 탄소중립 목표와 관련된 정책 중 탄소배출권 거래제의 주요 기능은 무엇인가?,"['기업이 자발적으로 탄소를 줄이도록 유도한다.', '기업 간의 배출권 거래를 허용한다.', '국가가 모든 기업의 탄소 배출량을 통제한다.', '전국민에게 탄소세를 부과한다.', '재생에너지의 비율을 의무적으로 늘린다.']",2,사회-환경 정책,
augmented-48,"제21대 국회의원 선거가 2020년 4월 15일에 치러졌다. 이번 선거에서는 총 300명의 국회의원이 선출되었으며, 선거법에 따라 만 18세 이상의 국민이 투표권을 행사할 수 있다. 투표소는 전국 각지에 마련되었고, 코로나19로 인한 사회적 거리두기 조치에 따라 감염 예방을 위한 다양한 대책이 마련되었다. 또한, 이번 선거에서는 비례대표 의석 수가 증가하여 비례대표 선거가 중요한 관심을 받았다. 특히 청년 후보와 여성 후보의 비율이 높아졌다는 점에서도 주목을 받았다.",제21대 국회의원 선거에서 선출된 총 국회의원 수는 얼마인가?,"['200명', '300명', '400명', '150명', '250명']",2,사회-정치,
augmented-49,"최근에 한국 정부는 중소기업의 경쟁력 강화를 위해 '중소기업 창업 지원 법안'을 개정하였다. 이 법안은 중소기업 창업자들에게 초기 자금을 지원하고, 창업 후 3년 내에 발생하는 세금의 일부를 면제해주는 내용을 포함하고 있다. 또, 창업자들이 기술 및 경영 교육 프로그램에 무료로 참여할 수 있도록 하는 지원 방안도 마련되었다. 이러한 법안의 개정은 전반적인 경제 활성화와 고용 창출에 기여할 것으로 예상되고 있으며, 정부는 이 법안이 시행된 후 5년간 약 10만 개의 새로운 일자리가 창출될 것이라고 기대하고 있다. 그러나 과거의 창업 지원 정책들이 효과를 거두지 못한 사례가 많아 이에 대한 우려의 목소리도 적지 않다. 일부 전문가들은 창업자들의 교육 부족과 시장 조사 부족이 여전히 주요 문제로 남아 있다고 지적하고 있다.",'중소기업 창업 지원 법안'의 개정 내용 중 창업 후 몇 년 내에 발생하는 세금을 면제해주는가?,"['1년', '2년', '3년', '4년', '5년']",3,사회-경제,
augmented-50,"최근 대한민국 정부는 환경 보호를 위한 새로운 정책을 마련했다. 이 정책은 플라스틱 사용을 줄이고, 재활용률을 높이기 위해 다양한 방안을 포함하고 있다. 특히, 대형마트와 편의점에서 일회용 플라스틱 봉투의 사용이 금지되며, 사용자는 대체 용기를 사용해야 한다. 국가의 재활용 기준을 강화하고, 이를 위반하는 업체에 대해서는 강화된 처벌을 부과한다는 내용이 담겨있다. 이러한 정책은 소비자와 기업에게 지속 가능한 소비 문화를 정착시키기 위한 의도로 추진되고 있으며, 각종 환경 오염 문제를 해결하기 위한 흥미로운 시도로 평가받고 있다.",대한민국 정부가 최근 발표한 환경 보호 정책의 주요 내용은 무엇인가?,"['일회용 플라스틱 봉투 사용 금지', '모든 플라스틱 제품을 즉시 폐기', '기업에 대해 플라스틱 세금 부과', '모든 기업에 재활용 의무 강화', '재활용 용기 판매 의무화']",1,사회-환경과 정책,
augmented-52,"19세기 말, 조선은 외세의 압박과 내부의 정치적 혼란 속에 놓여 있었습니다. 이 시기에는 여러 개혁들이 시도되었으나, 대부분 실패로 돌아갔습니다. 특히, 고종은 '광무개혁'이라는 이름으로 정치 및 경제의 현대화를 시도했으며, 이를 통해 서양의 과학 기술과 제도를 받아들이려 하였습니다. 하지만 이러한 시도가 외세의 간섭을 강화하는 결과를 초래하였고, 결국 일제의 강제 병합으로 이어지게 되었습니다.",광무개혁의 의의와 문제점에 대한 학교 역사 교사가 강조해야 할 가장 중요한 포인트는 무엇입니까?,선택지:,4,한국사,
augmented-53,"최근 우리나라의 한 대학교에서 진행된 연구에 따르면, 청소년의 인터넷 사용 시간과 그로 인한 정신 건강 문제 간에 상관관계가 있다는 결과가 나타났다. 연구팀은 1,000명의 고등학생을 대상으로 설문을 실시했고, 그 결과 인터넷을 하루 3시간 이상 사용하는 학생들이 불안감과 우울 증세를 보일 확률이 높다는 것을 발견했다. 연구자들은 ""과도한 인터넷 사용은 청소년의 사회적 상호작용을 감소시키고, 정서적 발달에 악영향을 미칠 수 있다""고 밝혔다. 이에 따라 학부모와 교사들에게는 청소년의 인터넷 사용 습관을 체계적으로 관리해야 한다는 경고의 메시지가 전해졌다.",해당 연구에서 발견된 청소년의 인터넷 사용 시간이 정신 건강에 미치는 영향은 무엇인가?,"['인터넷 사용 시간이 길어질수록 정신 건강이 악화된다', '인터넷 사용 시간이 짧을수록 우울증 발병률이 높아진다', '정신 건강은 인터넷 사용 시간과 관계가 없다', '인터넷 사용은 반드시 긍정적인 영향을 미친다', '정신적인 문제는 인터넷 사용과 무관하게 발생한다']",1,사회-윤리와 사상,
augmented-54,"최근 한국의 농림축산식품부는 ‘스마트 농업’의 발전을 위해 다양한 정책을 추진하고 있다. 이를 통해 농업의 첨단화를 도모하고, 생산성과 품질을 향상시키는 데 기여하고자 한다. 특히 인공지능(AI) 및 드론을 활용한 정밀 농업 시스템을 도입하여, 농작물의 생육 상태를 실시간으로 모니터링하고, 필요한 정보와 자원을 효율적으로 제공할 예정이다. 이러한 기술적 접근은 또한 농촌 지역의 일자리 창출과 고령 농업인들의 작업 효율성 증대에도 큰 영향을 미칠 것으로 기대된다. 스마트 농업이 성공적으로 구현된다면, 지속 가능한 농업 생산 및 식량 안전성 보장에도 기여할 수 있을 것이다.",한국의 스마트 농업 정책의 주요 목표는 무엇인가?,"['농업 첨단화', '식량 생산량 감소', '농촌 지역 인구 감소', '단순한 노동력 활용', '전통 농업 방법 유지']",1,사회-경제,
augmented-56,"최근 대한민국에서 도시재생 프로젝트가 활발하게 이루어지고 있다. 이는 낙후된 도시 지역을 revitalization하여 주민의 삶의 질을 높이고, 경제적 활력을 불어넣는 것을 목표로 한다. 도시재생 사업은 공공과 민간의 협력으로 이루어지며, 주민 참여가 중요한 요소로 자리잡고 있다. 예를 들어, 서울의 여러 구역에서는 공공디자인과 커뮤니티 공간을 활성화하는 다양한 프로젝트가 진행되고 있으며, 이러한 변화는 지역 주민들에게 긍정적인 영향을 미치기도 한다. 그러나 도시재생이 모든 주민에게 이익이 되는 것은 아니며, 소규모 상인이나 기존 주민들이 차별받는 경우도 있다. 따라서 도시재생에는 철저한 계획과 주민의 의견 반영이 필수적이다.",도시재생 프로젝트의 목표로 적절하지 않은 것은 무엇인가?,"['주민의 삶의 질 향상', '경제적 활력 증대', '무차별적인 재개발', '공공과 민간의 협력', '주민 참여 증진']",3,사회-정치와 법,
augmented-58,"일본의 경제가 장기 침체에 빠진 원인 중 하나로 저출산 및 고령화 문제가 지적된다. 통계청의 자료에 따르면, 2023년 일본의 전체 인구에서 65세 이상의 고령 인구 비율이 28%를 초과했다. 이는 일본의 노동인구 감소와 생산성 저하로 이어져, 경제 성장의 저항력을 약화시키고 있다. 더불어, 정부는 이러한 문제를 해결하기 위해 여러 가지 정책을 시행하였으나 효과를 보지 못하고 있으며, 이는 일본 사회가 당면한 중요한 과제로 남아 있다. 경제 전문가들은 이러한 구조적 문제들이 일본 경제 전반에 깊은 영향을 미치고 있다고 분석하고 있다.",일본의 경제가 장기 침체에 빠진 주요 원인으로 가장 적절한 설명은 무엇인가?,"['정부의 과도한 재정 지출', '높은 외환 환율', '저출산 및 고령화 문제', '국제 무역 제재', '중소기업의 기술력 부족']",3,사회-경제,
augmented-59,"최근 정부의 재정 지원과 연구 개발 확대에 힘입어 한국의 친환경 자동차 산업이 눈에 띄는 성장을 이루고 있다. 현대자동차는 전 세계 전기차 시장에서 경쟁력을 높이기 위해 대규모 전기차 전용 공장을 건설하고 있으며, LG화학은 배터리 공급을 통해 협력 관계를 더욱 강화하고 있다. 그러나 이러한 변화 속에서도 여전히 내연기관 차량의 판매가 높아 전환 과정에서의 어려움이 제기되고 있다. 정부는 이러한 문제를 해결하기 위해 내연기관 차량에서 친환경 차량으로의 전환을 촉진하는 정책을 발표하였고, 각 지방자치단체는 보조금을 통해 구매자들의 부담을 덜어주고 있다. 친환경 자동차 관련 연구 개발에 대한 투자도 증가하고 있으며, 이는 산업 전반에 긍정적인 영향을 미칠 것으로 기대된다.",한국의 친환경 자동차 산업이 성장하고 있는 이유는 무엇인가?,"['정부의 재정 지원과 연구 개발 확대에 힘입어', '내연기관 차량 판매 감소 때문', '친환경 자동차의 시장 수요가 감소하고 있기 때문', '국제 유가 상승으로 인한 차량 가격 인상', '전기차 관련 부품 생산 감소 영향으로']",1,사회-경제,
augmented-60,"최근 청소년 비율의 감소와 더불어 대한민국의 인구 구조가 변화하고 있다. 통계청의 발표에 따르면, 2022년 인구조사에서 10대 인구가 전체 인구의 8%를 차지하며, 이는 2010년에 비해 2% 포인트 감소한 수치이다. 높은 출산율과 함께 평균 수명이 늘어나면서 고령 인구가 증가하고 있지만, 청소년 인구가 감소함에 따라 국가의 교육 정책과 노동 시장에 미치는 영향이 우려되고 있다. 전문가들은 특히 청소년 인구 감소가 장기적으로 노동력 부족 현상을 초래할 가능성이 있다고 경고한다. 또한, 이러한 변화는 국가의 복지와 사회적 비용에도 큰 변화를 가져올 것으로 분석되고 있다.",청소년 인구의 감소가 국가에 미치는 영향으로 가장 적절한 설명은 무엇인가?,"['청소년 인구 감소가 장기적으로 노동력 부족 현상을 초래할 수 있다.', '출산율의 증가는 청소년 인구 감소를 만회할 수 있을 것이다.', '고령 인구의 증가가 청소년 인구의 감소에 기여하고 있다.', '청소년 인구가 감소함에 따라 전체 인구가 증가하고 있다.', '국가의 복지 비용이 줄어들 것으로 예상된다.']",1,사회-인구論,
augmented-61,"최근 한국의 특정 지역에서 A지방자치단체가 청소년들의 음주 예방을 위한 법안을 제정하였다. 이 법안은 미성년자와 청소년의 음주를 차단하기 위해 상점에서의 주류 판매를 제한하는 내용을 포함하고 있으며, 이를 위반한 상점에 대해서는 과태료를 부과할 방침이다. 한국의 청소년 음주율은 지속적으로 감소하는 추세에 있지만, 여전히 많은 청소년이 친구들로부터 음주를 경험하고 있다고 조사됐다. 연구 결과에 따르면, 청소년 시기의 음주는 신체적, 정신적 건강에 부정적인 영향을 미친다고 알려져 있다. 이에 따라 A지방자치단체는 이러한 문제를 해결하기 위해 학교나 지역사회와 협력하여 다양한 교육 프로그램을 운영할 계획이다. 이 법안의 필요성에 대한 논의는 지역사회에서 큰 관심을 받고 있지만, 일부 상점주들은 해당 법안이 자영업자들에게 경제적 부담을 줄 것이라는 우려를 나타내고 있다.",A지방자치단체가 제정한 법안의 주된 목적은 무엇인가?,"['청소년의 음주 예방', '자영업자의 경제적 지원', '주류 판매량 증대', '지역 사회의 문화 발전', '청소년 교육 강화']",1,사회-정치와 법,
augmented-63,"프랑스의 에마뉘엘 맥론 대통령이 최근 인플레이션 완화를 위해 추가적인 재정 지원책을 발표하였다. 그는 공공부문 연봉 인상을 포함한 다양한 정책을 통해 소비자 물가 안정에 기여하겠다고 밝혔다. 이로 인해 유럽 연합(EU)에서는 각국이 통화 정책을 어떻게 조정할지를 고민하고 있는 상황이다. 경제 전문가들은 이러한 정책이 프랑스 경제 회복에 긍정적인 영향을 미칠 것으로 예상하지만, 반발 여론도 적지 않다. 특히, 재정적자의 우려가 커지면서 유럽중앙은행(ECB)의 긴축 정책이 이어질 가능성이 있다는 분석도 나온다. 한편, 프랑스에서의 이런 변화는 다른 유럽 국가들에도 영향을 미쳐, 여러 나라가 비슷한 조치를 취할 것이라는 전망이 있다.",에마뉘엘 맥론 대통령이 발표한 정책의 주요 내용 중 하나는 무엇인가?,"['소비세 인상', '공공부문 연봉 인상', '한국과의 무역 증가', '농업 보조금 축소', '환경 규제 강화']",2,사회-경제,
augmented-64,"최근 국내 한 스타트업인 ㈜바이오텍이 인공지능(AI) 기반의 헬스케어 솔루션을 개발하여 의료 분야에서의 활용 가능성을 보여주었다. 이 회사는 환자의 건강 데이터를 실시간으로 분석하여 맞춤형 예방 및 치료 솔루션을 제공하는 시스템을 구축했다. 특히, 코로나19 팬데믹 이후 헬스케어 기술의 중요성이 증가하면서 바이오텍의 솔루션은 여러 병원과 협력하여 임상 시험을 진행하고 있다. 이 과정에서 기업은 데이터 보안을 강화하기 위한 조치도 마련하고 있으며, 다양한 의료 관련 인증을 취득할 계획이다. 회사 대표는 ""우리의 솔루션이 환자들에게 더 나은 의료 서비스를 제공할 수 있도록 최선을 다할 것""이라고 전했다.",㈜바이오텍이 개발한 헬스케어 솔루션이 분석하는 주된 데이터는 무엇인가?,"['환자의 재정 상태', '환자의 건강 데이터', '병원의 운영 효율', '의료진의 근무 시간', '약물의 판매량']",2,사회-경제,
augmented-65,(가) 고려가 멸망한 후 조선이 건국되었다. (나) 세종대왕이 훈민정음을 창제하였다. (다) 임진왜란 동안 이순신이 결정적인 전투를 이끌었다. (라) 1919년 3.1운동이 일어났다. (마) 대한민국 정부가 수립되었다.,한국 역사에서 중요한 사건을 시기 순으로 바르게 나열한 것은?,"['(가)→(나)→(다)→(라)→(마)', '(나)→(가)→(다)→(마)→(라)', '(가)→(다)→(라)→(마)→(나)', '(마)→(라)→(다)→(가)→(나)', '(나)→(마)→(가)→(다)→(라)']",1,사회-한국사,
augmented-66,"21세기 들어 세계화가 진행됨에 따라 한국 사회는 외국 문화의 수용과 전통 문화의 보존 사이에서 갈등을 겪고 있다. 예를 들어, 디지털 기술의 발달로 다양한 외국 콘텐츠가 유통되고 있지만, 전통적인 예술 형식이나 문화유산이 소외되는 현상이 나타나고 있다. 정부는 이러한 문제를 해결하기 위해 ‘전통 문화 진흥 계획’을 수립하였고, 여러 프로그램을 통해 젊은 세대에게 전통 문화를 알리기 위한 노력을 기울이고 있다. 그러나 이러한 진흥 노력에도 불구하고 여전히 많은 국민이 전통 문화에 대한 관심이 부족한 실정이다. 이러한 상황에서 한국 문화의 정체성을 어떻게 유지할 수 있을지에 대한 논의가 필요하다.",이 지문에서 한국 문화의 정체성을 유지하기 위한 가장 큰 도전은 무엇으로 강조되고 있습니까?  ,  ,1,사회-문화  ,
augmented-67,"최근 한국 사회에서는 다양한 기업들이 지속 가능한 발전을 도모하기 위해 친환경 경영 전략을 채택하고 있다. 이러한 전략의 일환으로, 많은 기업들이 재생 가능한 에너지를 활용하고 환경 친화적인 제품을 개발하는 데 주력하고 있다. 특히, 대기업들이 앞장서서 친환경 인증을 받은 제품을 출시하며 소비자들에게 긍정적인 이미지를 구축하고 있다. 정부 또한 다양한 지원 프로그램을 통해 기업들의 친환경 경영을 촉진하고 있으며, 이는 실질적으로 매출 증대와 비용 절감 효과를 가져오기도 한다. 이와 같은 동향은 단순히 기업의 이미지 개선을 넘어, 지속 가능한 발전을 위한 사회적 요구에 부응하는 중요한 변화로 평가받고 있다.",한국의 기업들이 최근 채택하고 있는 친환경 경영 전략의 주된 목표는 무엇인가?,"['소비자 이미지 개선', '재생 가능 에너지 활용', '비용 절감', '환경 친화적 제품 개발', '지속 가능한 발전']",5,사회-경제,
augmented-68,"1919년 3월 1일, 한반도 전역에서 수많은 사람들이 독립을 요구하는 만세 운동을 벌였다. 이는 일본의 식민지 지배에 대한 저항이며, 한국 민족의 자주성을 향한 강한 의지를 표현한 사건이다. 이 운동은 한국의 독립운동에 크게 기여하였으며, 국제 사회에 한국의 상황을 알리는 계기가 되었다. 당시 한국 정부는 비폭력적인 방법을 강조하며 자주 독립을 외쳤지만, 일본 당국은 이에 대한 강경 진압으로 응답하였다. 그 결과 많은 민간인들이 희생되었고, 이 사건은 전후 한국 사회에 큰 영향을 미쳤다.",3.1운동 이후 한국 사회에 나타난 직접적인 결과는 다음 중 무엇인가?,"['일제의 식민통치가 더욱 강화되었다.', '한국 내에서 사회주의 운동이 활발해졌다.', '한국의 독립운동이 국제적으로 인정받아 독립 선언이 이루어졌다.', '학생들의 교육 시스템이 개혁되었다.', '독립운동에 대한 자금 모금이 활발해졌다.']",1,사회-한국사,
augmented-70,"최근 모빌리티 산업의 발전과 함께 자율주행차 기술이 주목받고 있다. 자율주행차는 인공지능과 센서 기술을 활용하여 차량 스스로 주행할 수 있도록 하는 기술로, 교통사고 감소, 연료 소비 절감, 도시 내 교통 혼잡 해소 등의 여러 장점을 제공할 것으로 기대되고 있다. 여러 기업들이 자율주행차의 상용화를 위해 연구개발에 박차를 가하고 있으며, 기술의 발전에 따라 관련 법과 제도도 변화하고 있다. 그러나 여전히 안전성 문제, 데이터 보안, 윤리적 쟁점 등 해결해야 할 과제가 남아 있어 각국 정부와 기업이 협력하여 신중한 접근이 필요하다.",자율주행차 기술의 발전이 갖는 기대 효과로 옳지 않은 것은 무엇인가?,"['교통사고 감소', '연료 소비 절감', '도시 내 교통 혼잡 해소', '운전자의 운전 기술 향상', '인프라 비용 절감']",4,사회-경제,
augmented-71,"한국의 태양광 산업이 최근 몇 년간 비약적으로 성장하고 있습니다. 정부의 친환경 에너지 정책과 더불어, 기술 발전이 이루어지면서 많은 기업이 태양광 에너지를 활용한 제품 및 서비스를 출시하고 있습니다. 2019년 한국의 태양광 발전량은 전년 대비 25% 상승하였으며, 이는 정부의 정책적 지원과 공공기관의 적극적인 참여가 주효했음을 보여줍니다. 특히, 반복되는 미세먼지 문제로 인해 신재생 에너지에 대한 관심이 높아지고 있으며, 대기오염 감소를 위한 다양한 방안이 논의되고 있습니다. 이와 함께, 태양광 패널의 효율성을 높이기 위한 연구개발이 활발히 진행되고 있으며, 2023년에는 한국이 태양광 패널의 세계 최대 생산국 중 하나로 자리잡을 것으로 예상됩니다.",한국의 태양광 산업이 비약적으로 성장한 주요 원인은 무엇인가?,"['정부의 정책적 지원', '민간기업의 투자 감소', '해외 시장의 축소', '기후 변화의 부정적 영향', '고용 감소']",1,사회-경제,
augmented-73,"최근 한 도시에서 일어난 해양사고로 인해 대규모 수산물 오염이 발생했다. 이로 인해 해당 지역의 어민들은 생계에 큰 타격을 입었으며, 해당 수산물의 판매량이 급감하고 소비자들 사이에서도 불안감이 커졌다. 정부는 신속하게 영향을 받은 수산물에 대한 안전성을 조사하고, 필요한 경우 해당 수산물의 판매 금지를 결정했다. 하지만 일부 어민들은 정부의 대처가 미비하다고 주장하고 있으며, 적절한 보상책이 마련되지 않는 한 이들의 경제적 피해가 장기화될 것이라 우려하고 있다. 이에 정부는 피해 어민들을 대상으로 한 지원 대책을 빠르게 마련하겠다고 밝혔다.",이번 해양사고로 인해 가장 큰 피해를 입은 주체는 누구인가?,"['소비자', '어민', '정부', '수산물 가공업체', '환경 보호 단체']",2,사회-경제,
augmented-74,"20세기 초, 산업화가 진행됨에 따라 많은 농촌 인구가 도시로 이주하였다. 이러한 대규모 이주는 도시의 생산 체계를 변화시키고, 노동 시장의 구조를 재편성하는 데 기여하였다. 도시는 새로운 기회를 제공했지만, 한편으로는 노동환경의 열악함과 주거 문제를 초래했다. 많은 노동자들은 저임금과 긴 근무 시간에 시달렸고, 이러한 상황에서 이들의 권리를 주장하기 위해 다양한 노조가 결성되었다. 이러한 역사적 배경은 노동 운동의 발전에 중요한 영향을 미쳤다.",위 지문에서 언급된 대규모 이주가 도시의 노동시장에 미친 주요 영향은 무엇인가?,선택지:,2,사회-경제,
augmented-75,"2020년 전 세계에서 발생한 코로나19 팬데믹은 각국의 사회와 경제에 큰 영향을 미쳤으며, 한국도 예외는 아니었다. 한국 정부는 초기에 신속하게 방역 체계를 구축하고 긴급재난지원금을 지급하는 등 경제 회복을 위해 다양한 정책을 시행했다. 그러나 코로나19 확산이 길어지면서 의료진의 과중한 업무와 국민의 스트레스 증가는 사회적 문제로 대두되었다. 이러한 상황에서 많은 기업들이 원격 근무 체제로 전환하였고, 이는 일상 생활과 노동 환경에 있어서 큰 변화를 가져왔다. 더불어, 방역 수칙을 준수하며 생활하는 ‘뉴 노멀’ 시대가 도래하게 되었다.","2020년 코로나19 팬데믹에 대응하기 위해 한국 정부가 시행한 주요 정책 중 하나로, 국민에게 지급된 지원금의 명칭은 무엇인가?","['긴급재난지원금', '전국민 생활비', '코로나 지원금', '소상공인 지원금', '재난 긴급 지원금']",1,사회-경제와 정책,
augmented-76,"#1. 최근 한 도시에서 빈집 문제 해결을 위해 지방자치단체는 빈집을 활용한 다양한 정책을 시행하기 시작했다. A시는 지역 내 주민들의 소득 증대와 공동체 활성화를 목표로 빈집을 저렴한 가격에 개조해 이웃 주민에게 임대하거나 매각하는 '빈집 리모델링 프로그램'을 운영하고 있다. 이 프로그램은 특정 조건을 만족하는 빈집 소유자에게 보조금을 지급하며, 리모델링 후에는 지역 사회의 저소득층 가구에 임대할 수 있도록 지원한다. 하지만 일부 주민들은 빈집 리모델링을 통해 해결되지 않는 더 많은 사회적 문제들을 지적하며, 이 혜택이 실제로 지역 사회에 긍정적인 영향을 미칠지 의문을 제기하고 있다. #2. B시는 이전과는 달리 복잡한 절차를 간소화하고 정기적으로 빈집 활용 실태를 조사하여 정책의 효과성을 높이는 노력을 기울이고 있다. 하지만 주민들의 협조가 필요하여, 빈집 소유자들에게 프로그램 참여를 독려하는 캠페인에 힘쓰고 있음에도 불구하고 관심을 끌지 못하고 있는 상황이다.",A시가 시행하는 '빈집 리모델링 프로그램'의 주요 목적은 무엇인가?,"['빈집을 매입하여 이익을 취하는 것.', '지역 주민의 소득 증대와 공동체 활성화.', '빈집을 모두 철거하기 위한 계획.', '주민들에게 빈집 관리 책임을 부여하는 것.', '빈집을 사들여 재개발을 진행하는 것.']",2,사회-경제,
augmented-77,"산업혁명은 A. 대규모 공장 시스템이 도입되었다. B. 농업 중심의 사회에서 공업 중심의 사회로 전환이 이루어졌다. C. 기술 혁신이 없었던 시기로 간주된다. D. 유럽을 중심으로 시작되었고, 이후 세계화가 진행되었다. E. 인권에 대한 관심이 크게 증가하였다.  ",산업혁명에 대한 설명으로 옳은 것은?  ,"['A 및 B만 참이다.', 'A, B, D가 참이다.', 'C 및 E만 참이다.', 'B, D, E가 참이다.', '모든 것이 참이다.']  ",2,사회-경제,
augmented-78,"조선시대는 중앙집권적 국가 체제를 확립한 중요한 시기로, 특히 성리학이 국가의 이념으로 자리 잡았습니다. 이로 인해 양반 계층의 권력이 강화되었고, 농민과 상민은 그들의 정치적, 사회적 권리가 제한되었습니다. 그러나 이러한 상황 속에서도 다양한 문화와 예술이 발달하였고, 이는 조선의 독특한 문화적 정체성을 형성하는 데 기여했습니다. 예를 들어, 한글의 창제는 유교적 가치관과는 별개로 백성에 대한 배려에서 비롯된 것으로, 문자의 보급은 국민 간의 소통을 촉진하고 국민 의식의 형성에 중요한 역할을 했습니다.",조선시대 성리학의 도입으로 강화된 사회적 특징 중 하나로 가장 적절한 것은 무엇인가?,"['상업의 발달', '여성의 지위 향상', '양반 계층의 권력 강화', '민주적 제도 확립', '한글 보급 증가']",3,사회-한국사,
augmented-79,"“고대 그리스의 철학자들, 특히 플라톤과 아리스토텔레스는 이상적인 국가의 모델을 탐구했습니다. 플라톤은 저서 '국가'에서 철학자가 통치자 역할을 해야 한다고 주장하며, 이상적인 사회를 세우기 위해 교육과 도덕적 가르침이 필요하다고 강조했습니다. 반면 아리스토텔레스는 '정치학'에서 중간적 규칙을 통해 시민의 안전을 보장해야 한다고 주장하며, 공동체의 이익을 최우선으로 고려해야 한다고 촉구했습니다. 이처럼 고대 그리스의 철학자들은 각자의 입장에서 정치와 사회의 본질에 대한 충고와 이론을 제시했으며, 오늘날 민주주의와 시민 사회의 근본적인 사상적 기초가 되었습니다.""",위 내용에서 플라톤이 주장한 이상적인 사회를 구현하기 위한 기본 요소는 무엇인가?,"['군사적 힘과 외교관계', '법과 제도의 강화', '도덕적 가치와 철학 교육', '경제적 분배와 소득 평등', '종교적 신념과 초월적 이해']",3,사회-윤리와 사상,
augmented-80,"1950년대 초반, 한국 전쟁이 발발하기 전 한반도의 정세는 복잡하게 얽혀 있었다. 당시 북한은 소련 및 중국의 지원을 받으면서 군사적 준비를 강화하고 있었고, 반면 남한은 미국의 지원 아래 민주화와 경제 재건을 위해 힘쓰고 있었다. 이러한 상황 속에서 전쟁이 발발하게 되었고, 한반도 내에서 이념 대립이 극심해졌다. 전쟁 동안 남한과 북한의 주민들은 주체 사상과 자본주의 체제 사이에서 서로 다른 교육과 문화적 영향을 받으면서 그들의 정체성에 대해 고뇌하게 되었다. 이러한 대립은 전쟁 이후에도 장기간 이어져 오늘날까지 그 여파가 남아 있다.",위 글에서 설명하는 한국 전쟁 이전의 한반도 정세에서 가장 중요한 요소는 무엇이라고 할 수 있습니까?,"['이념 대립', '경제 발전', '국제 관계', '전쟁 준비', '정치적 불안정']",1,사회-한국사,
augmented-81,"2023년 5월 3일, 서울시청에서는 청년 창업 지원을 위한 새로운 정책이 발표되었다. 이 정책은 청년의 창업 진입 장벽을 낮추고 지속 가능한 기업 환경을 조성하기 위해 설계되었다. 시청 관계자는 ""청년 창업자에게 최대 1억 원의 저금리 융자를 지원하며, 전문가 멘토링 프로그램과 마케팅 비용 지원 등을 포함한 종합적인 보조 사업을 시행할 예정""이라고 밝혔다. 또한, 이번 지원은 창업 후 3년간 정기적인 경영 진단과 피드백을 통해 청년 창업자들이 스스로 성장할 수 있도록 도울 것이라고 전했다. 그러나 정책의 실효성에 대한 우려도 존재하며, 일부 전문가들은 ""정책이 효과를 보려면 이행 과정에서의 철저한 관리와 평가가 필요하다""고 지적했다.",서울시가 발표한 청년 창업 지원 정책의 주요 내용으로 올바르지 않은 것은 무엇인가?,"['최대 1억 원의 저금리 융자 지원', '전문가 멘토링 프로그램 제공', '창업 후 3년간 정기적인 경영 진단 실시', '창업 자본금 전액 지원', '마케팅 비용 지원 포함']",4,사회-경제 및 경영,
augmented-82,"한국의 대기업들은 해외 진출을 통해 글로벌 경쟁력을 강화하고 있다. 최근 한 대기업이 동남아 시장에 진입하기 위해 현지 파트너와 합작 회사를 설립하였다. 이 기업은 동남아시아의 경제 성장률이 높은 만큼, 새로운 시장에서의 성장 가능성을 보고 진출을 결정했다. 또한, 이 기업은 환율 차익을 기대하며, 기술 이전 및 현지인력을 활용하여 비용 절감 효과를 노리겠다는 전략을 세웠다. 이러한 해외 진출은 글로벌 경제의 통합과 더불어 한국 경제에도 긍정적인 영향을 미칠 것으로 전망된다.",이 대기업이 동남아 시장에 진출하려는 주된 이유는 무엇인가?,"['글로벌 경쟁력 강화를 위해', '기술 이전을 위해', '현지 인력을 활용하기 위해', '비용 절감을 위해', '환율 차익을 기대하기 위해']",1,사회-경제,
augmented-84,"최근 한 대기업의 재무 건전성을 문제 삼아 노조는 회사가 투명한 경영을 할 것을 요구하며 파업을 선언했다. 신뢰를 잃은 회사를 위해 노동자들은 투명성 제고를 위한 다양한 방안을 제안했는데, 이에 대해 경영진은 비용 문제를 이유로 반대 입장을 보였다. 하지만 노조는 이러한 경영 방침이 장기적으로는 재무적 손실로 이어질 수 있다고 주장하며, 협상 테이블에 나설 것을 촉구했다. 이러한 상황에서 노조의 입장은 무엇인지에 대한 사회적 관심이 커지고 있다. 노조가 촉구하는 투명한 경영의 의미는 단순한 재무 데이터 공개를 넘어, 직원과의 신뢰 구축 및 그들의 의견을 적극 수렴하는 과정이 필요하다는 점에서 사회 전반에 미치는 영향력 또한 무시할 수 없다.",노조가 촉구하는 투명한 경영의 의미는 무엇인가?,"['재무 데이터 단순 공개', '직원과의 신뢰 구축 및 의견 수렴', '투자자 중심의 경영 전략 수립', '비용 절감을 통한 경영 효율성 강화', '정부의 재정 지원 요구']",2,사회-노동 및 경제,
augmented-85,"최근 한국의 대외 무역에서 일본의 수출 비중이 줄어드는 경향이 나타나고 있다. 2022년까지 일본은 한국의 주요 수출 대상국 중 하나였으나, 2023년에는 이 비중이 한 자릿수로 감소할 것으로 예상된다. 이는 일본의 기술 수출 규제와 한국의 대체 공급망 구축 노력이 주요 요인으로 작용하고 있다. 한국은 최근 일본을 대신해 다른 국가와의 무역 관계를 강화하고 있으며, 특히 동남아시아와의 교역이 활발해지고 있다. 이러한 변화는 한국의 제조업에 큰 영향을 미치고 있으며, 기업들은 새로운 시장을 찾기 위해 전략을 재정비하고 있다.",2023년 한국의 일본에 대한 수출 비중이 어느 수준으로 예상되고 있는가?,"['1% 미만', '한 자릿수', '10% 이상', '20% 이상', '30% 이상']",2,사회-경제,
augmented-86,"이재명 경기도지사는 2023년 10월 15일, 경기도 내 불법 주정차 단속과 관련된 새로운 정책을 발표했다. 그는 ""우리 도민의 안전과 교통질서를 위해 지난 2년 간의 단속 데이터를 분석하여 효율적인 단속 방안을 마련했다""고 말했다. 특히 주요 도로에 대한 불법 주정차 위반이 심각한 문제로 지적되었으며, 이 지사는 ""기존의 수동 단속에서 나아가 AI 카메라를 활용한 자동 단속 시스템을 도입하겠다""고 밝혔다. 이로 인해 벌금이 더 많이 부과될 것이며, 이러한 수익은 교통안전 개선 사업에 투입될 예정이다. 경기도에서는 또한 시민들이 자발적으로 불법 주정차를 신고할 수 있는 앱을 개발할 계획이다. 이 지사는 이렇게 함으로써 “모두가 참여하여 깨끗하고 안전한 교통 환경을 만들겠다는 목표”를 강조했다.",이재명 경기도지사가 발표한 주정차 단속 정책의 주요 변화는 무엇인가?,"['AI 카메라를 활용한 자동 단속 시스템 도입', '주정차 위반 단속의 전면 중단', '단속 반장을 두어 자율 단속 실시', '벌금 인상의 전면 철폐', '단속 정책 개선을 위한 시민 토론회 개최']",1,사회-정치와 법,
augmented-87,"최근 한국 정부는 기후 변화 대응을 위한 새로운 정책을 발표했다. 이 정책에는 탄소 세금 도입과 재생 가능 에너지 확대 지원, 공공기관의 친환경 인증 의무화 등의 내용이 포함되어 있다. 정부는 2025년까지 전국의 에너지 소비에서 재생 가능 에너지가 차지하는 비율을 30%로 늘리는 것을 목표로 하고 있으며, 각 지방자치단체는 이에 따른 구체적인 이행 계획을 수립해야 한다. 이와 함께 정부는 기후 변화 대응을 위한 연구 개발 재원을 확대하고, 일자리 창출을 위한 그린 뉴딜 프로젝트를 추진하겠다고 밝혔다. 이로써 정부는 기후 변화로 인한 사회경제적 피해를 최소화하고 지속 가능한 발전을 도모할 계획이다.",한국 정부가 발표한 기후 변화 대응 정책의 주요 목표 중 하나는 무엇인가?,"['탄소 배출량 50% 감소', '재생 가능 에너지 비율 30%로 증대', '공공기관 조세 면세', '자동차 전량 전기차 전환', '주택 보조금 2배 증가']",2,사회-정치와 법,
augmented-88,"2020년 2월, 아시아 최대의 관광도시 중 하나인 태국 방콕에서는 20대 청년들이 비일상적인 액션을 통해 사회의 부조리에 맞서 싸우는 모습을 보였다. 이들은 '모든 젊은이의 연대'를 외치며 거리로 나와 민주주의와 인권을 요구하는 목소리를 높였다. 이 과정에서 그들은 정부의 억압적인 정책과 사회적 불평등에 대한 비판의 목소리를 통해 많은 이들의 지지를 얻었다. 청년들은 자신들의 요구 사항을 명확히 전달하기 위해 힘을 모았고, 이들은 각종 혁신적인 시위를 계획하고 실행했다. 이번 사건은 방콕 시민들에게 깊은 인상을 남겼으며, 전 세계적으로 젊은 세대의 정치적 참여를 상징하는 사례로 주목받고 있다. ",방콕의 청년들이 민주주의와 인권을 요구하며 거리로 나와 시위를 벌인 주된 이유는 무엇인가?  ,"['정부의 지출 증가', '자로 자유의 확대', '정치적 억압과 사회적 불평등', '경제 성장 저조', '환경 보호 필요성']  ",3,사회-정치 및 법,
augmented-89,"최근 몇 년간 기후 변화와 관련된 다양한 사회적 논의가 이루어져 왔습니다. 특히, 대기오염과 온실가스 배출을 줄이기 위한 노력은 전 세계적으로 중요한 이슈로 부각되었습니다. 여러 국가는 재생 에너지와 전기차 도입을 확대하고, 탄소세 등의 정책을 통해 기업의 책임을 강화하려 하고 있습니다. 그러나 이러한 변화에 대한 논쟁도 있으며, 일부는 경제성장과 일자리 창출을 우선시해야 한다고 주장합니다. 이와 같은 환경 문제에 대한 접근은 지속 가능한 발전을 도모하는 데 필수적입니다. 그럼에도 불구하고 여전히 경제적 이익과 환경 보호 간의 균형을 찾는 것은 쉽지 않은 과제로 남아 있습니다.",위 지문에서 언급된 기후 변화에 대한 사회적 논의와 관련하여 가장 핵심적으로 다루어지는 쟁점은 무엇입니까?  ,"['전경제적 이익 우선주의', '전통 에너지 의존', '지속 가능한 발전 필요성', '환경 보호에 대한 무관심', '국제 협약의 필요성']  ",3,사회-환경과 사회  ,
augmented-90,"1960년대 중반, 한국의 산업화가 본격적으로 이루어지면서 여러 사회적 변화가 발생했다. 그 중 하나는 대도시로의 급속한 인구 이동이었다. 서울을 비롯한 대도시에 많은 노동력이 집중되면서 도시의 경제는 크게 성장했지만, 그 과정에서 농촌 인구는 대폭 감소하였다. 이러한 현상은 사회 구조와 가족 형태의 변화에도 영향을 미쳤으며, 도시화가 진행됨에 따라 새로운 사회 문제도 생겨났다. 이와 같은 시기에 노동자의 권리 향상을 위한 노력이 필요하다는 목소리가 높아졌고, 결국 1980년대에 들어서면서 노동 운동이 활성화되었다. ","한국의 산업화 과정에서 대도시로의 인구 이동이 초래한 주요 사회적 변화 중, 노동자의 권리 향상과 관련된 내용으로 올바른 것은 무엇인가요?","['도시의 정치적 불안정', '사회적 불평등의 심화', '농촌의 경제적 발전', '노동 운동의 활성화', '주거 환경의 개선']",4,사회-경제와 사회문제,
augmented-91,"최근 한국 정부는 지속 가능한 발전을 위해 '2030 국가 기후변화 대응 계획'을 수립하였다. 이 계획에서는 온실가스 감축 목표를 설정하고, 재생 가능 에너지 비율을 높이며, 기후 변화에 대한 적응력을 강화하기 위한 다양한 정책들을 제시하였다. 특히, 재생 가능 에너지의 비율을 2030년까지 20%로 올리겠다는 목표 아래, 태양광 및 풍력 발전을 통한 에너지 전환이 중점적으로 다뤄졌다. 또한, 정부는 기업과 시민의 참여를 유도하기 위해 기후 변화 교육 프로그램과 지역사회와의 협력 체계를 강화하는 방안도 포함시켰다.",'2030 국가 기후변화 대응 계획'의 주요 목표 중 하나는 무엇인가?,"['온실가스 감축 목표 설정', '전국적으로 전기세 인하', '해양 생태계 복원', '산림 보호법 강화', '석탄 발전소 신설']",1,사회-환경,
augmented-92,"2023년 한국의 기후 변화로 인한 이상기후 현상이 여러 지역에서 발생하고 있으며, 특히 여름철 폭우와 겨울철 한파가 빈번해지고 있다. 정부는 이러한 문제를 해결하기 위해 '기후 대응 계획'을 수립하고, 재난 대응 시스템을 강화하고 있다. 전문가들은 기후 변화가 농업, 수산업 등에 미치는 영향을 우려하며, 지속 가능한 발전을 위한 방안이 필요하다고 강조하고 있다. 특히, 강우량의 변화로 인한 홍수와 가뭄의 발생 빈도 증가가 농업 생산에 큰 영향을 미칠 것으로 예상된다. 이에 따라, 정부는 기후 대응 연구를 위한 예산을 확대하고, 현장 연구팀을 구성하여 실시간 모니터링 및 정책 개발에 나설 예정이다.",2023년 한국에서의 기후 변화 대응 계획의 주요 목표는 무엇인가?,"['재난 대응 시스템 강화', '농업 생산성 증가', '기후 변화 원인 규명', '해양 생태계 보호', '대기 오염 개선']",1,사회-환경 및 기후 변화 대응,
augmented-94,"최근 한국의 한 대학교에서는 청년 창업 지원을 위한 프로그램을 시행하고 있다. 이 프로그램은 창업 아이디어를 가진 학생들에게 멘토링, 자금 지원, 마케팅 교육 등을 제공하여 창업 생태계를 활성화하고자 하는 목적을 가지고 있다. 대학측은 창업에 대한 이해도를 높이고, 성공적인 창업 사례를 다수 배출하기 위해 프로그램의 다양한 요소를 지속적으로 보완하고 있다. 또한, 이를 통해 학생들이 실질적인 경영 경험을 쌓고, 실패를 두려워하지 않는 기업가정신을 함양할 수 있도록 돕는 데 중점을 두고 있다. 여러 장학생들은 이 프로그램을 통해 초기 투자금을 확보하고 자신의 제품을 시장에 출시하는 데 성공하였다. 특히, 환경 문제에 대한 인식을 바탕으로 한 지속 가능한 제품 개발이 주목을 받고 있으며, 이러한 성공 사례는 다른 학생들에게도 긍정적인 영향을 미치고 있다.",이 대학교의 청년 창업 지원 프로그램이 가지는 주된 목표는 무엇인가?,"['창업 아이디어 실현 지원', '상위 대학과의 경쟁력 강화', '대학의 재정 지원 확대', '글로벌 시장 진출', '학생들의 학업 성적 향상']",1,사회-경제,
augmented-95,"한국의 전통시장 활성화를 위한 다양한 시도가 이루어지고 있다. 정부는 전통시장을 지역 경제의 중심으로 판단하고, '전통시장 활성화 기본법'을 제정하여 지원을 강화하고 있다. 이 법은 전통시장의 시설 개선, 상인 교육, 마케팅 지원 등을 포함하고 있으며, 이를 통해 소비자와 상인의 접점을 늘리려는 노력이 진행되고 있다. 최근에는 전통시장에서의 온라인 판매 활성화와 청년 상인 육성을 위한 정책들이 논의되고 있다. 이를 통해 전통시장이 국산 제품의 판매처로서도 중요한 역할을 차지할 것으로 기대된다. 또한, 지역 주민들의 참여를 유도하고, 문화와 역사적 가치를 전승하는 공간으로서의 역할도 강조되고 있다.",한국의 전통시장 활성화를 위한 정부의 주요 정책은 무엇인가?,"['전통시장 폐쇄', '상인 교육 및 마케팅 지원', '최저임금 인상', '대형마트 확장 지원', '외국 기업 유치']",2,사회-경제와 정책,
augmented-96,"최근 한국 사회에서는 고용 형태의 변화가 두드러지게 나타나고 있다. 특히, 비정규직 근로자의 수가 지속적으로 증가하고 있으며, 이는 경제적 불안정성을 증가시키고 있다. 통계청의 자료에 따르면 2021년 비정규직의 비율이 전체 근로자의 약 36%에 달하며, 이는 10년 전보다 10% 이상 증가한 수치이다. 이러한 변화는 노동시장 내에서의 소득 격차 확대와 직업 안정성 저하를 가져오고 있으며, 청년층과 여성층이 특히 큰 영향을 받고 있다. 전문가들은 이러한 비정규직 증가가 지속 가능한 노동시장과 경제 성장에 부정적인 영향을 미칠 것이라고 경고하고 있다. 이와 관련하여 정부는 비정규직 근로자의 근로조건을 개선하고 정규직 전환을 촉진하기 위한 정책을 추진하고 있지만, 실질적 효과는 미비하다는 평가도 있다. - 비정규직 근로자 보호 정책의 필요성이 대두되고 있는 가운데, 비정규직 일자리의 특성이나 차별 대우에 관한 논의가 활발하게 이루어지고 있다.",최근 비정규직 근로자의 증가가 한국 사회에 미치는 영향 중 가장 중요한 것은 무엇인가?,"['소득 격차 확대', '정규직과의 불평등 감소', '정신적 스트레스 감소', '문화적 다양성 증대', '고용 안정성 증가']",1,사회-경제,
augmented-97,"최근 한국의 농업 분야에서는 기후 변화와 전세계적인 농산물 가격 변동으로 인해 농민들의 소득 불안정성이 심화되고 있다. 이에 따라 정부는 농민의 소득 보전을 위해 다양한 정책을 추진하는 동시에, 지속 가능한 농업을 위한 연구개발을 확대하고 있다. 농산물의 가격 변동에 대응하기 위해서는 경제적 안정 장치와 함께 신기술 도입이 필요하다는 의견이 많아지고 있으며, 이를 통해 농업 부문의 경쟁력을 높이고, 환경을 보호하면서도 농민들의 생계를 지원할 수 있는 방안이 모색되고 있다. ",최근 한국 농업 분야에서 농민의 소득 보전을 위한 정책의 필요성과 관련하여 가장 중요한 두 가지 요소는 무엇인가?,"['기후 변화 대응과 기술 도입', '농민 교육과 정책 홍보', '수출 촉진과 시장 확대', '농산물 가격 통제와 소비자 보호', '외국 농업 연구와 협력 강화']",1,사회-경제,
augmented-98,"한국의 2023년도 경제정책에 따르면, 정부는 다양한 분야에서의 기술 혁신을 촉진하기 위해 총 10조 원 규모의 연구개발(R&D) 예산을 책정하였다. 이 예산은 인공지능, 바이오헬스, 그린에너지 분야에 집중적으로 투자될 예정이며, 특히 인공지능 분야의 경우, 산업과 교육의 융합을 통해 글로벌 경쟁력을 높이겠다는 전략이다. 또한, 정부는 중소기업의 기술 역량 강화를 위해 3조 원을 지원할 계획이며, 이를 통해 일자리 창출과 경제 회복을 도모하고자 한다. 이러한 정책 방향은 특히 4차 산업혁명 시대에 대응하기 위한 노력이기도 하다. ",2023년 한국 정부의 연구개발(R&D) 예산 규모는 얼마로 책정되었는가?,"['5조 원', '7조 원', '10조 원', '12조 원', '15조 원']",3,사회-경제,
augmented-99,"1950년대 초반, 한국 전쟁 발발 직후 북한은 전면적으로 남침을 감행하였다. 당시 북한의 정치 지도자였던 김일성은 소련과 중국의 지원을 받아 남한을 신속하게 정복할 수 있을 것이라는 자신감을 가지고 있었다. 그러나 미국은 유엔 안전보장이사회에서 군사적 개입을 결의하고, 다국적군을 보내 남한을 지원하였다. 이로 인해 전황은 급격히 변화하게 되었다. 전쟁 초기 몇 주 동안은 북한이 큰 이득을 보였지만, 유엔군의 참전 이후 전선은 다시 뒤바뀌었다. 결국, 이 전쟁은 한반도의 분단을 고착화하는 중요한 계기가 되었다. —한국 전쟁의 전개를 다룬 역사적 설명",위 지문에서 설명된 전쟁의 발발과 그 전개는 한반도 지역에 어떤 장기적인 결과를 초래했습니까?,"['한반도는 통일된 국가가 되었다.', '한반도는 38선을 기준으로 분단되었다.', '북한은 남한에 대한 경제적 지원을 지속하고 있다.', '미국은 한국과의 군사 동맹을 해체했다.', '중국은 한국 전쟁 후 남한과 외교 관계를 수립했다.']",2,사회-한국사,
augmented-100,"최근 한국 사회에서 비대면 소비가 증가하고 있는 가운데, 이는 특히 온라인 플랫폼의 성장을 촉진하고 있다. 코로나19 팬데믹 이후 소비자들은 오프라인 매장을 방문하기보다는 모바일이나 컴퓨터를 통해 상품을 구매하는 경향을 보이고 있다. 이와 함께 국내 주요 기업들은 비대면 서비스와 배송 체계를 강화하고 있으며, 소비자들은 편리함과 안전성을 중시하게 되었다. 이로 인해 특정 산업 분야는 매출 성장세를 지속하고 있는 반면, 전통적인 소매업체들은 어려움을 겪고 있다. 이러한 변화는 소비 형태에 어떤 영향을 미칠 것으로 예상되는가?",비대면 소비의 증가가 전통적인 소매업체에 미치는 영향은 무엇으로 설명할 수 있는가?,"['전통적인 소매업체의 매출이 증가할 것이다', '전통적인 소매업체의 매출이 감소할 것이다', '전통적인 소매업체의 운영 방식이 안정될 것이다', '전통적인 소매업체가 새로운 시장을 창출할 것이다', '전통적인 소매업체와 온라인 시장이 완전히 통합될 것이다']",2,사회-경제,
augmented-101,"""1910년대 일본 제국은 조선의 자원을 착취하고, 문화 동화를 강요하기 위해 여러 가지 정책을 시행하였다. 특히, 교육을 통해 일본어 사용을 강요하고, 조선의 역사와 문화를 왜곡하는 교육을 실시함으로써 한국인의 정체성을 약화시키고자 하였다. 이러한 행위는 조선인들 사이에서 강한 저항을 불러일으켰고, 결국 일제 강점기에 있어 민족 문화의 회복을 위한 여러 운동이 나타났다.""",일본의 강압적 교육 정책에 대한 조선인들의 반발로 나타난 운동으로 가장 알맞은 것은 무엇인가요?,"['3.1 운동', '독립선언서', '대한독립운동', '국민학교 설립', '조선어 학회']",1,사회-한국사,
augmented-102,"한국은 고대부터 현대에 이르기까지 다양한 정치 체제를 경험해 왔다. 고대 국가인 고구려, 백제, 신라가 각각의 문화와 정치 체제를 확립하고 외침에 맞서 싸운 결과, 한반도에서 상이한 역사적 배경을 가지게 되었다. 특히, 통일신라 시대에는 중앙집권적인 통치 시스템이 발전하였으며, 고려와 조선 시대에 이르러 경제·사회적 구조가 변화하면서 각각의 왕조가 선도한 정책들은 오늘날까지도 중요한 역사적 교훈을 제공하고 있다. 이러한 역사적 흐름을 통해 우리는 국가의 발전과 정치 체제의 변화가 어떤 영향을 미쳤는지를 이해할 수 있다.",통일신라 시대에 발전한 중앙집권적인 통치 시스템은 어떤 시기의 특성과 관련이 있는가?,"['고구려 시대', '백제 시대', '신라 시대', '고려 시대', '조선 시대']",3,사회-역사,
augmented-103,"최근 대한민국 정부는 정보통신기술(ICT) 발전을 통해 경제 활성화를 도모하고, 4차 산업혁명에 대비한 정책을 추진하고 있다. 이에 따라 ‘디지털 뉴딜’ 정책을 통해 인프라 구축 및 인재 양성을 적극적으로 추진하고 있으며, 이를 위해 공공과 민간 부문 간 협력을 강조하고 있다. 또한, 스마트 시티와 자율주행차와 같은 혁신 기술을 중심으로 다양한 프로젝트를 진행하여 도시관리의 효율성을 높이고 있다. 이러한 정책들은 경제 회복의 새로운 동력이 될 것으로 기대되고 있으며, 코로나19로 인한 경제적 충격을 완화하기 위한 효과적인 방안으로 주목받고 있다. ",대한민국 정부의 ‘디지털 뉴딜’ 정책의 주요 목표는 무엇인가?,"['디지털 인프라의 완전 민영화', '가치 창출을 위한 디지털 전환 촉진', '비대면 서비스의 전면 도입', '고용 축소 방안 마련', '사이버 보안 강화']",2,사회-경제,
augmented-104,"최근 한국에서는 미세먼지 문제와 관련하여 정부가 대기오염물질 저감을 위한 다양한 정책을 추진하고 있다. 특히, 대중교통의 이용을 촉진하고 전기차와 같은 친환경 차량의 보급을 늘리기 위한 노력이 강화되고 있다. 또한, 미세먼지의 주된 원인인 자동차 배출가스 규제를 강화하고, 산업공장에서의 대기오염물질 배출 기준을 강화하는 등의 조치를 취하고 있다. 전문가들은 이러한 대책이 단기적인 효과를 넘어서 장기적으로 국민의 건강을 보호하고 대기질을 개선하는데 기여할 것이라고 기대하고 있다.",한국 정부가 미세먼지 문제 해결을 위해 추진하고 있는 정책으로 가장 적절한 것은 무엇인가?,"['대중교통 이용 증진을 위한 캠페인 전개', '자동차 운전자의 세금 감면', '공장 설립에 대한 규제 완화', '미세먼지 발생 감시를 위한 단속 강화', '대기오염물질 배출 기준의 완화']",1,사회-환경,
augmented-105,I. 고려시대에는 과거 제도가 발전하였다. II. 조선 초기에는 왕권 강화와 함께 유교가 국가 이념으로 자리잡았다. III. 일제 강점기에는 한글 사용이 금지되었다. IV. 한국전쟁 이후 민주주의 체제가 확립되었다.,위 지문에서 언급한 각 시대의 특징 중 옳지 않은 것을 고르시오.,"['I 및 II만 해당', 'III만 해당', 'II 및 IV만 해당', 'I 및 III만 해당', 'IV만 해당']",2,사회-한국사,
augmented-106,"“자유는 모든 시민이 추구해야 할 근본적인 가치입니다. 그러나 그것이 혼자서는 이룰 수 없는 것이기에, 우리는 공동체의 일원으로서 서로를 돌보고 지원해야 합니다. 여러 사회적, 경제적 구조가 잘못되어 있을 때, 개인의 자유는 많은 제약을 받게 됩니다. 이러한 환경에서 우리는 개개인의 다름을 인정하고 존중해야 하며, 서로의 목소리를 듣고 이해하며 협력하는 방법을 찾아야 합니다. 결국, 공정한 사회에서 진정한 자유는 모든 구성원의 참여와 협력을 통해 실현될 수 있다고 믿습니다. 우리는 모두가 함께 더 나은 사회를 만들기 위해 노력해야 합니다.”",위 지문의 내용과 가장 밀접하게 관련된 핵심 개념은 무엇인가?,"['공동체 의식', '자유주의', '사회 계약', '개인의 권리', '사회적 불평등']",1,사회-윤리와사상,
augmented-107,"2023년 한국은 경제 전반에 걸쳐 변화하는 글로벌 경제환경에 맞춰 여러 경제 정책을 추진하고 있다. 특히, 3분기 동안의 고용률 상승과 민간 소비 증가라는 긍정적인 신호가 암울한 경기 전망 속에서 나타났다. 한국은행의 발표에 따르면, 7월부터 9월까지의 가계 소비 지출은 전년 동기 대비 2.5% 증가했으며, 이는 새로운 소비 트렌드와 소비자 심리의 회복을 반영하는 것이다. 그러나 동시에 일부 업종에서는 인플레이션 압력이 지속되고 있어, 정책 당국자들은 물가 안정을 위한 방안을 모색하고 있다. 또한 한국의 수출은 글로벌 시장에서의 경쟁력 강화에 힘입어 소폭 증가세를 보이고 있으며, 주요 산업의 회복세도 엿보이고 있다. 이러한 경제 상황을 토대로 정부는 향후 지속 가능한 경제 성장을 위한 다양한 전략을 수립할 예정이다.",한국의 2023년 3분기 동안 가계 소비 지출이 전년 동기 대비 얼마나 증가했는가?,"['1.5%', '2.0%', '2.5%', '3.0%', '3.5%']",3,사회-경제,
augmented-108,조선시대의 통치 제도  ,조선시대에 중앙 집권적인 정치 체제를 유지하기 위해 시행된 주요 정책 중 하나는 무엇입니까?  ,"['사농공상 체제의 강화', '과거제의 도입', '왕권의 분산', '향촌 자치제의 확대', '양반 중심 사회의 형성']  ",2,사회-한국사  ,
augmented-109,"최근 한국의 농업부문에서는 기후변화로 인한 영향을 심각하게 받고 있다. 특히, 이상 기온과 강수량 변화로 인해 주요 농산물의 생산량이 감소하고 있다. 농업인들은 작물 재배 방식의 변화와 함께 최신 기술을 적용해야 할 필요성을 느끼고 있다. 이에 따라 정부는 스마트 농업 기술을 도입하고 전통 농업과의 융합을 목표로 한 다양한 정책을 추진하고 있다. 이러한 정책은 농업의 지속 가능성을 높이고 생산성을 강화하기 위한 방편으로 여겨진다. 하지만, 일부 농업인들은 이러한 변화에 적응하기 어려움을 토로하기도 한다.",한국 농업부문이 직면한 가장 큰 문제는 무엇이라고 할 수 있는가?,"['기후변화로 인한 생산량 감소', '스마트 농업 기술의 도입 어려움', '정부 정책의 불완전성', '농산물 가격의 저하', '전통 농업 방식의 존속 문제']",1,사회-경제,
augmented-110,"2023년 부산에서 열린 '다시 찾은 원주율 전시회'가 관람객 30,000명을 초대하여 성황리에 종료되었다. 이 전시회는 한림대학교와 부산과학관의 공동 주최로, 수학의 흥미로운 역사와 다양한 원주율 계산 방법을 소개하기 위해 기획되었다. 행사 기간 동안 관람객들은 원주율의 역사적 배경, 고대 그리스 수학자들의 기여, 현대 수학 기술을 통해 계산된 원주율의 무한성에 대한 정보를 얻을 수 있었다. 특히, 전시회에서는 관람객들이 지난 100년간의 원주율 계산 기록과 이를 이용한 계산 기계의 발전 과정을 체험할 수 있는 공간이 마련되어 큰 호응을 얻었다. 이 자리에 참석한 전문 수학자들은 ""수학은 단순한 계산을 넘어 인류의 사고를 확장하는 도구로서 가치가 있다""고 강조하며, 미취학 아동을 위한 수학 교육의 중요성을 주장했다.",'다시 찾은 원주율 전시회'의 주최 기관은 무엇인가?,"['서울대학교', '한림대학교', '부산광역시', '부산과학관', '한국수학회']",2,사회-과학(수학),
augmented-111,"최근 한국의 보건복지부는 건강보험 제도의 개편을 통해 노인의 의료 접근성을 높이기 위한 정책을 추진하고 있다. 이 정책은 기존의 의료비 부담을 줄이고, 고령자들이 보다 쉽게 양질의 의료 서비스를 이용할 수 있도록 하는 방향으로 설계되었다. 특히, 만성질환을 앓고 있는 노인의 경우 지속적인 관리가 필요하기 때문에 이를 지원하기 위한 프로그램이 강화되었다. 정책의 일환으로, 지역 사회 내의 의료 인프라를 확충하고, 노인 돌봄 서비스의 질을 높이기 위한 시스템 개선이 이루어질 예정이다. 또한, 건강보험료의 인상 없이 서비스 범위를 확장할 수 있는 방안도 모색되고 있으며, 이는 재정적 부담을 덜고 지속 가능한 의료를 실현하기 위한 노력으로 평가받고 있다.",새로운 건강보험 제도 개편의 주요 목표 중 하나는 무엇인가?,"['의료 접근성 향상', '보험료 인상', '서비스 범위 축소', '직원 채용 확대', '재정적 부담 증가']",1,사회-경제,
augmented-112,"최근 한국에서는 환경 보호와 지속 가능한 개발의 필요성이 더욱 강조되고 있다. 정부는 2022년부터 2030년까지 ‘탄소중립 사회’를 목표로 하는 다양한 정책을 추진하고 있다. 이 정책 아래, 재생 에너지 확대 및 에너지 효율성을 높이는 프로젝트가 시행되며, 탄소 배출량을 줄이기 위한 다양한 제도와 인센티브가 도입되고 있다. 특히, 도시 지역에서는 대중교통 수단의 전기화와 자전거 도로의 확충이 중요한 과제로 떠오르고 있다. 이런 변화는 외국에서도 모범 사례로 꼽히며, 국제 사회에서의 한국의 위상에도 긍정적인 영향을 미칠 것으로 기대된다.",한국 정부가 2022년부터 2030년까지 추진하고 있는 목표는 무엇인가?,"['지속 가능한 개발', '탄소중립 사회', '산업혁명 4.0', '기후변화 대응', '녹색 성장']",2,사회-환경,
augmented-113,"최근 서울시가 시행한 ‘스마트 시티 구축 계획’에 따르면, 서울 전역에 IoT(사물인터넷) 기반의 다양한 스마트 기술을 도입하여 주민의 생활 편의성을 향상시키고, 도시 관리 능력을 강화할 예정이다. 이 계획은 교통 혼잡 해소, 환경 문제 해결, 안전 시스템 강화 등을 주요 목표로 하고 있다. 예를 들어, 버스 정류장에 설치된 실시간 정보 시스템은 승객들에게 도착 예정 시간을 제공하여 대기 시간을 줄인다. 또한, 공원 및 공공시설에 설치된 센서는 쓰레기통의 채움 상태를 모니터링하여 청소 빈도를 최적화할 수 있도록 도와준다. 이러한 스마트 기술의 도입은 서울을 보다 살기 좋은 도시로 만들기 위한 노력의 일환으로 평가받고 있다.",서울시의 스마트 시티 구축 계획의 주요 목표 중 하나가 아닌 것은 무엇인가?,"['교통 혼잡 해소', '환경 문제 해결', '안전 시스템 강화', '주택 가격 상승', '주민 생활 편의성 향상']",4,사회-경제,
augmented-114,"2021년, 인도에서는 코로나19 팬데믹으로 인해 대규모 백신 접종이 이루어졌다. 그러나 백신의 부족 문제와 잘못된 정보로 인해 많은 사람들이 백신 접종을 꺼리는 상황이 발생했다. 사회적 네트워크와 커뮤니티의 역할이 중요해 보였고, 지역 사회 지도자들이 백신에 대한 올바른 정보를 전파하기 위해 노력했다. 여러 캠페인과 프로그램을 통해 주민들에게 백신 접종의 필요성 및 효과를 설명하고, 접종 후 면역 형성을 위한 정보를 제공했다. 이러한 노력은 인도 정부의 정책과 맞물려 백신 접종률을 높이는 데 큰 기여를 하였다. 또한, 지역 공동체의 참여를 통해 주민들의 신뢰를 얻는 것이 얼마나 중요한지를 보여주었다. ",인도의 백신 접종 캠페인에서 주민들에게 올바른 정보를 제공하기 위해 노력한 주체는 무엇인가?,"['인도 정부', '사회적 네트워크', '지역 사회 지도자들', '국제 기구', '과학자들']",3,사회-문화,
augmented-115,"최근 한국의 고용 시장에서 청년 실업률이 지속적으로 증가하고 있다는 보고서가 발표되었다. 2023년 기준으로 청년(15세~29세) 실업률은 9.2%에 달하며, 이는 전체 실업률인 3.8%에 비해 두 배 이상 높은 수치이다. 특히, 2019년과 비교했을 때 청년층의 실업률은 1.5%포인트 상승하였다. 이를 배경으로 정부는 청년들의 직업훈련과 창업 지원을 강화하겠다고 발표했으며, 지역별 고용 지원센터를 통해 맞춤형 취업 정보를 제공할 계획이다. 전문가들은 교육과 산업의 요구 사이의 괴리가 청년 실업의 중요한 원인 중 하나라고 지적하고 있다.",2023년 기준으로 청년(15세~29세) 실업률은 몇 퍼센트인가?,"['3.8%', '9.2%', '1.5%', '15%', '10%']",2,사회-경제,
augmented-116,"최근 세계적으로 환경 문제에 대한 관심이 높아지면서, 많은 기업들이 지속 가능한 경영을 도입하고 있다. 특히 탄소 중립 목표를 세운 기업들이 늘어나고 있으며, 이는 각국 정부의 관련 정책 강화와 소비자들의 환경 의식 상승에 기인하고 있다. 아시아의 한 대기업은 2030년까지 모든 생산 공정에서 탄소 배출을 50% 줄이겠다고 발표했다. 이러한 변화는 기업의 이미지와 경쟁력에도 긍정적인 영향을 미칠 것으로 예상된다. 또한, 새로운 기술과 혁신을 통해 비용을 절감하고, 지속 가능한 제품을 통해 소비자에게 더 큰 가치를 제공할 수 있는 기회로 이어질 것이다.",최근 많은 기업들이 지속 가능한 경영을 도입하고 있는 주된 이유는 무엇인가?,"['소비자들의 환경 의식 상승', '생산 비용 절감', '기업의 이미지 개선', '경쟁사에 대한 대응', '정부의 규제 강화']",1,사회-경제,
augmented-117,"최근 한국의 정부가 헌법 개정을 위한 국민투표를 실시하겠다는 계획을 발표하였다. 이 개정안에는 국가의 기본권 강화 및 지방자치권 확대 등의 내용이 포함되어 있다. 정부는 이러한 개정이 국민의 요구를 반영한 것이며, 국가의 민주적 운영을 강화하는 데 기여할 것이라고 주장하고 있다. 그러나 일부 정치인들은 이러한 개정이 정치적 이해관계를 반영한 것이라며 반대 의견을 제기하고 있다. 국민투표는 다음 달 실시될 예정이며, 이를 통해 새로운 헌법의 방향성이 결정될 전망이다.",한국 정부가 실시할 국민투표의 주된 목적은 무엇인가?,"['기본권 강화', '정치적 안정을 위한 조치', '경제 발전 촉진', '지방자치권 확대', '국제 사회에서의 위상 강화']",1,사회-정치와 법,
augmented-118,"1910년, 조선은 일본에 의해 병합되었다. 이러한 역사적 사건은 한국의 정치, 사회, 문화 전반에 걸쳐 막대한 영향을 미쳤으며, 많은 지식인과 민중이 일본의 식민지 지배에 저항하게 되었다. 이 시기에는 독립을 위한 다양한 운동이 전개되었고, 특히 3.1 운동은 그 상징적인 사건으로 남았다. 3.1 운동은 조선 민족이 독립과 자주를 위해 외친 대규모 시위로, 이후 독립운동가들은 해외에서의 독립운동으로 연결되는 중요한 계기가 되었다. 수많은 독립운동가가 등장하였고, 외교적 노력과 무장투쟁이 동시에 진행되었다. 이런 역사적 배경을 가진 한국의 독립운동은 오늘날까지도 많은 이들에게 그 의의가 강조되고 있다.","1910년 일본의 조선 병합 이후, 한국에서 대규모로 전개된 저항운동의 대표적인 사건은 무엇인가?","['임시정부 수립', '3.1 운동', '광주학생운동', '항일전쟁', '건국운동']",2,사회-한국사,
augmented-119,"“대도시와 지방 도시 간의 인구 이동이 심화되고 있는 상황에서 정부는 지역 균형 발전을 위한 방안을 모색하고 있습니다. 최근 발표된 ‘전국 균형 발전 기본계획’에 따르면, 지역별 고용 창출을 위해 중소기업을 지원하고, 우수 인재를 유치하기 위한 다양한 인프라 투자 계획이 포함되어 있습니다. 이러한 정책은 특정 지역에 집중된 인구를 분산시키고, 각 지역의 경제적 자립능력을 키우는 데 목표를 두고 있습니다. 하지만, 실제로 인구 이동의 흐름이 바뀌기 위해서는 상대적으로 낙후된 지역의 주택 가격과 복지 수준 등이 크게 개선되어야 할 것입니다. 이에 대해 전문가들은 ‘적극적인 정책 시행이 필요하다’고 목소리를 높이고 있습니다.”",‘전국 균형 발전 기본계획’의 주요 목표는 무엇인가?,"['대도시의 고용 증가', '중소기업의 대도시 집중', '지역의 경제적 자립 능력 향상', '지방 정부의 세수 증대', '인구 유출 방지']",3,사회-경제,
augmented-120,"최근 서울시에서는 다문화가정의 사회 통합을 위한 ‘다문화 촉진 사업’을 진행하고 있다. 이 사업은 다양한 문화적 배경을 가진 가정들이 서로 소통하고 이해할 수 있는 환경을 조성하는 데 초점을 맞추고 있다. 이를 위해 서울시는 정기적인 문화 체험 행사와 언어 교환 프로그램을 운영하면서, 다문화 가정의 자녀들을 위한 교육비 지원과 상담 서비스도 제공하고 있다. 이러한 노력의 일환으로 특별히 기획된 ‘다문화 문화의 날’ 행사는 한 해에 두 차례 열리며, 참가자들은 각국의 전통 음식 조리법을 배우고, 민속 놀이와 문화 공연을 통해 서로의 문화를 경험하게 된다. 이 외에도, 서울시는 다문화 인식을 높이기 위한 다양한 캠페인과 교육 서비스를 제공하여 지역 사회 내의 다문화 친화적인 분위기를 확산시키고자 한다.",서울시의 ‘다문화 촉진 사업’의 일환으로 기획된 행사의 이름은 무엇인가?,"['다문화 체험의 날', '다문화 문화의 날', '문화 소통의 날', '다문화 이해의 날', '다문화 소통의 장']",2,사회-문화,
augmented-121,"최근 한국의 농림축산식품부는 지속 가능한 농업과 푸드 혁신을 위해 다양한 정책을 추진하고 있다. 그 중 하나는 스마트농업 기술을 활용하여 생산성을 높이고 환경 보호를 동시에 달성하고자 하는 노력이다. 스마트농업은 인공지능, IoT, 빅데이터 등을 기반으로 하여 작물의 생육 환경을 최적화하고, 위기 상황을 사전에 예측하여 대응할 수 있는 시스템을 구축하는 것을 포함한다. 이를 통해 농민들은 수확량을 늘리고 자원을 효과적으로 관리할 수 있으며, 소비자들에게는 더 신선하고 안전한 식품을 제공할 수 있다. 한국의 여러 농업 연구기관에서는 이러한 기술을 개발하고 현장에 적용하기 위한 다양한 연구를 진행하고 있으며, 이와 관련된 세미나와 포럼도 개최되고 있다. 최근 열린 포럼에서는 스마트농업의 도입 사례와 효과에 대해 발표하는 자리가 마련되었다.",한국의 농림축산식품부가 추진하고 있는 스마트농업의 주요 목표는 무엇인가?,"['작물의 생육 환경 최적화', '저비용 농업 실현', '전통 농법의 복원', '대량 생산에 집중', '소비자 중심의 농업 서비스 강화']",1,사회-경제,
augmented-125,"2022년 한국은행은 기준금리를 0.25% 인상하기로 결정했다. 이는 물가 상승률이 목표치를 초과하고, 이로 인해 국민의 실질 소득 감소가 우려되는 상황에서 취해진 조치이다. 한국은행은 금리 인상이 경제에 미치는 영향을 고려하여 통화정책을 조정하며, 이 과정에서 소비자 물가와 기업 투자의 동향을 면밀히 살펴본다. 전문가들은 이러한 금리 인상이 소비자들의 대출 비용을 증가시키고, 소비자 신뢰도에 부정적인 영향을 미칠 것이라고 우려하고 있다.",한국은행이 2022년에 기준금리를 인상한 주된 이유는 무엇인가?,"['물가 상승률 초과', '소비자 신뢰도 증가', '실업률 감소', '환율 안정', '투자 활성화']",1,사회-경제,
augmented-127,"“최근 한국 정부는 전자상거래 활성화를 위해 규제 완화와 함께 소비자의 안전성을 강화하는 정책을 추진하고 있습니다. 온라인 쇼핑의 성장으로 인해 많은 기업이 디지털 전환에 나서고 있으며, 각종 정보 보호와 사기 방지를 위한 법적 장치가 필요하다는 목소리가 커지고 있습니다. 특히, 전자상거래의 투명성을 확보하기 위해서는 적절한 규제와 소비자 교육이 중요한 역할을 한다고 전문가들은 강조하고 있습니다. 이 과정에서 소비자 단체와 기업 간의 소통이 필수적이며, 정부는 이를 안정적으로 지원해야 할 책임이 있습니다.”",정부의 전자상거래 정책에서 강조하고 있는 핵심 요소 중 하나는 무엇인가?,"['소비자의 안전성 강화', '수출 확대', '세금 인상', '근로시간 증가', '정년 연장']",1,사회-경제와사회,
augmented-128,"전통적으로 우리나라에서 농업은 사회와 경제 발전의 기반이 되어왔습니다. 그러나 산업화가 진행됨에 따라 농업의 비중은 점차 줄어들고, 도시화에 따라 농촌 지역의 인구가 감소하는 현상이 발생했습니다. 이러한 변화는 농민의 생계와 농촌 사회의 구조에도 큰 영향을 미쳤습니다. 정부는 농업을 현대화하고 농민의 소득을 증대시키기 위한 다양한 정책을 시행해왔습니다. 그러나 기후 변화와 해외 경쟁의 심화는 여전히 농업 발전의 저해 요소로 남아 있습니다.",다음 중 1970년대 한국 농업 정책의 추진 배경으로 가장 적절하지 않은 것은 무엇입니까?,"['농촌 인구 감소 문제', '산업화의 필요성', '농민소득 증대 요구', '농업 경쟁력 강화 필요성', '도시의 급격한 팽창']",5,사회-경제,
augmented-129,"최근 한국의 경제에서 4차 산업혁명과 디지털 경제가 중요한 화두로 떠오르고 있다. 인공지능(AI), 빅데이터, 사물인터넷(IoT) 등의 기술 발전이 산업 전반에 영향을 미치며, 기업들은 이러한 변화에 적응하기 위해 혁신적인 비즈니스 모델을 도입하고 있다. 이에 따라 정부는 디지털 전환을 촉진하기 위해 다양한 정책을 마련하고 지원을 확대하고 있다. 한국의 대기업들도 이러한 흐름에 맞춰 디지털 기술을 적극적으로 활용하며, 글로벌 시장에서 경쟁력을 키우기 위해 연구개발(R&D) 투자에 나서고 있다. 이와 같은 기술 혁신은 노동 시장에서도 큰 변화를 초래하고 있으며, 새로운 일자리가 창출되는 한편 기존 직업의 성격이 변화되고 있다. 그러나 이러한 변화에는 디지털 격차와 같은 부작용도 발생하고 있어, 지속 가능한 성장을 위한 해결책 마련이 필요하다.",한국 경제에서 최근 강조되고 있는 디지털 경제의 중요성은 무엇인가?,"['인공지능과 빅데이터가 한국 경제의 핵심 경쟁력으로 자리잡고 있기 때문이다.', '정부가 디지털 경제 육성을 위해 법률을 강화하고 있기 때문이다.', '4차 산업혁명이 모든 산업에 영향을 미치지 않기 때문이다.', '대기업들이 연구개발 투자에 소극적으로 나서고 있기 때문이다.', '디지털 격차가 해소되고 있기 때문이다.']",1,사회-경제,
augmented-130,"19세기 중반, 유럽 국가들이 아프리카 대륙에 대한 식민지 확장을 추진하면서 '아프리카 분할'이라는 큰 사건이 발생하게 되었다. 이 시기 여러 유럽 국가들은 아프리카의 자원과 땅을 차지하기 위해 회의를 열고 서로의 이해관계를 조정하였다. 이는 대규모 인구 이동과 문화 전파에 큰 영향을 미쳤고, 아프리카 원주민들은 자주 전통적 삶의 방식을 잃게 되었으며, 외세의 지배 아래 삶을 강요받았다. 이러한 과정 속에서 많은 사람들이 각국의 경제 발전에 기여하고자 했지만, 그 결과 생긴 문제들도 적지 않았다.",위 지문에서 설명한 '아프리카 분할'에 가장 크게 기여한 요소는 무엇인가?,"['자원 개발', '문화 교류', '산업화', '국제 정치 경쟁', '인구 이동']",4,사회-세계사,
augmented-131,"최근 정부는 재난 안전을 위한 새로운 정책을 발표했다. 이 정책은 자연재해 발생 시 지역 주민들이 더 쉽게 대피할 수 있도록 설계된 긴급 대피 시스템을 도입하는 내용을 포함하고 있다. 대피소는 각 지역의 인프라를 고려하여 선정되며, 대피소에는 기본적인 생필품과 의약품이 구비될 예정이다. 또한, 정부는 대피소의 상황을 실시간으로 모니터링 할 수 있는 시스템도 구축하여 재난 발생 시 신속한 대처가 가능하도록 하고 있다. 전문가들은 이러한 시스템이 주민들의 생명과 안전을 크게 향상시킬 것이라고 기대하고 있다. 정부는 이 정책이 각 지자체의 재정 여건에 따라 다르게 진행될 수 있다고 덧붙였다.",정부가 새로운 재난 안전 정책을 도입한 주된 이유는 무엇인가?,"['자연재해 발생 시 주민의 안전 확보', '지역 인프라를 활용하기 위해', '예산 절감을 위해', '재난 관리 전문가의 의견에 따라', '대피소의 수를 증가시키기 위해']",1,사회-정치와 법,
augmented-132,"최근 국제사회에서는 기후변화 문제에 대응하기 위한 다양한 협약 및 조약들이 체결되고 있다. 특히 2015년 파리에서 열린 제21차 유엔 기후변화 협약 당사국 총회(COP21)에서는 전 세계 각국이 온실가스 감축 목표를 설정하고 이를 이행하기 위한 구체적인 행동 방안에 합의하였다. 이 협약의 핵심은 지구 평균기온 상승을 산업화 이전 수준보다 2도 이내로 제한하고, 1.5도 이하로 유지하기 위한 노력을 다짐하는 것이다. 이를 위해 각국은 자발적인 감축 목표를 제출해야 하며, 이에 대한 이행정도를 주기적으로 검토하고 보고해야 한다. 이러한 내용의 진행 상황이 종합적으로 점검되는 국내외 기후변화 회의가 매년 개최되고 있다.",2015년 파리에서 열린 유엔 기후변화 협약 당사국 총회(COP21)의 핵심 목표는 무엇인가?,"['온실가스 배출을 전면 금지하는 것', '지구 평균기온 상승을 2도 이내로 제한하는 것', '섬유 및 플라스틱 사용을 전면 중단하는 것', '신재생 에너지의 사용을 100%로 전환하는 것', '산업화 이전 수준의 대기오염 수준으로 회복하는 것']",2,사회-환경과 사회,
augmented-134,"식생활이 건강에 미치는 영향에 대한 연구에 따르면, 채식주의자들은 일반적으로 건강 지표가 더 우수한 경향이 있으며, 이는 고혈압 및 심혈관 질환의 위험을 낮추는 데 기여할 수 있습니다. 한편, 특정 영양소의 결핍이 발생할 수 있는 가능성도 있습니다. 이러한 점은 식단의 다양성을 고려해야 함을 나타냅니다.",위 지문에서 언급된 채식주의자의 식생활과 관련하여 가장 적절한 연구 방법은 무엇인가요?,"['코호트 연구', '사례 대조 연구', '단면 조사', '질적 연구', '실험 연구']",1,사회-경제,
augmented-135,"한국의 청년 실업률이 지속적으로 높아지고 있는 가운데, 정부는 청년 일자리 창출을 위한 여러 정책을 발표하였다. 특히, 최근 3년 간 창업 지원을 확대하고, 직업 교육 프로그램과 청년 인턴십 기회를 늘리는 등의 노력이 있었다. 그러나 여전히 청년층의 고용 불안감은 해소되지 않고 있으며, 상대적으로 높은 대졸자 실업률이 더욱 문제로 지적되고 있다. 이러한 상황에서 고등학교 졸업 후 바로 취업에 나서는 청년 비율은 상승세를 보이고 있으며, 이는 대졸자보다 행복 지수가 낮다는 조사 결과와도 연관이 있는 것으로 보인다. ",청년 실업률 문제와 관련하여 최근 정부의 주요 정책 중 어떤 것이 청년층의 일자리 창출을 위해 추진되고 있는가?,"['직업 교육 프로그램 확대', '부동산 정책 강화', '세금 감면 정책', '해외 취업 지원', '대학 등록금 인상']",1,사회-경제,
augmented-136,"""오늘날 우리가 직면하고 있는 여러 글로벌 문제들은 단순히 한 국가의 문제로 치부할 수 없다. 환경 문제, 경제 불균형, 인권 침해와 같은 이슈들은 여러 국가 간의 협력과 소통을 통해 해결해야 하는 복합적인 도전 과제이다. 이와 같은 문제들에 대한 진정한 해결책은 각국의 이해관계를 초월하는 글로벌 공조에 달려 있으며, 이는 국제 기구의 역할이 그 어느 때보다 중요하다는 것을 의미한다.""",위 지문에서 강조하는 글로벌 문제를 해결하기 위한 방법으로 적절하지 않은 것을 고르시오.,"['국제 기구의 협력 강화', '각국의 자국 우선 정책 유지', '환경 문제에 대한 공동 행동', '인권 문제 해결을 위한 다자간 대화', '경제 불균형 해소를 위한 재정적 지원']",2,사회-세계사,
augmented-137,"최근 한국 경제의 활성화를 위해 중소기업청은 '중소기업 혁신 지원 프로그램'을 발표하였다. 이번 프로그램은 중소기업의 경쟁력을 높이기 위해 기술 개발, 인력 양성, 경영 개선 등에 대한 지원을 포함하고 있으며, 중소기업의 글로벌 시장 진입을 촉진하는 데 목적이 있다. 이 프로그램은 창업에 대한 인센티브를 제공하고, 중소기업이 대기업과의 경쟁에서 살아남을 수 있게 다양한 자금을 지원한다. 중소기업청 관계자는 ""지속 가능한 경제 발전을 위해서는 중소기업의 혁신이 절실하다""며 이번 프로그램의 중요성을 강조했다.",중소기업청이 발표한 '중소기업 혁신 지원 프로그램'의 주요 내용 중 하나가 아닌 것은 무엇인가?,"['기술 개발 지원', '인력 양성 지원', '경영 개선 지원', '대기업의 세금 감면', '글로벌 시장 진입 촉진']",4,사회-경제,
augmented-139,"1910년대 초, 한국은 일본의 강압적인 통치 아래에서 사회적으로 큰 변화를 겪었다. 이 시기의 농민들은 일본 제국주의와의 투쟁을 갈망하였고, 그들은 국내외에서 독립 운동을 조직하기 위해 다양한 방안을 모색하였다. 이 가운데, 농민들의 결집과 자주성을 염원하는 집단이 나타났으며, 이들은 일제의 비타협적인 정책에 대응하여 대규모 농민 운동을 전개하였다. 그들은 또한 서로의 지식을 공유하며, 사회적 불평등과 부조리를 비판했다.",이 농민 운동을 통해 결성된 단체의 활동에 대한 설명으로 옳은 것은?,"['일본 경찰의 감시를 피해 비밀리에 농민 신문을 발간하였다.', '무장 투쟁을 위해 중국과의 접촉을 모색하였다.', '사회주의 이념을 바탕으로 농민을 조직하기 시작했다.', '고구려의 역사적 정체성을 강조하며 민족 교육을 추진하였다.', '일제의 세금 부과를 무효화하기 위한 이농 운동을 전개하였다.']",3,사회-한국사,
augmented-141,"19세기 후반, 일본은 메이지 유신을 통해 근대화를 이루었습니다. 이는 지역사회의 전통적인 가치관과 문화를 재조명하면서도, 서양 문화를 적극적으로 수용하는 과정이었습니다. 특히, 교육 제도의 개혁과 산업 혁명을 통해 일본 사회는 급격한 변화를 겪게 되었습니다. 그러나 이러한 변화는 한편으로는 근대화의 이점을 누리지 못한 농민들 사이에서 불만을 야기했습니다. 이들은 새로운 사회 체제 속에서 자신들의 전통적인 생활 방식과 문화를 지키고자 하는 열망을 가지고 있었으며, 이로 인해 다양한 사회 운동과 저항 운동이 일어나기도 했습니다.","지문에서 언급된 일본의 근대화와 관련하여, 다음 중 가장 관련이 없는 내용은 무엇입니까?","['메이지 유신', '서양 문화의 수용', '농민들의 불만', '구한말 조선의 개혁']",4,사회-한국사,
augmented-142,"최근 한국 정부는 디지털 경제와 관련하여 농업을 포함한 다양한 산업의 스마트화를 촉진하기 위해 '스마트 농업 혁신 전략'을 발표했다. 이 전략은 데이터 기반으로 농작물 재배 및 생산성을 극대화하고, 환경적으로 지속 가능한 농업을 실현하는 것을 목표로 하고 있다. 농업 기술의 디지털화를 통해 농민들은 기후 변화에 대응하고 생산 비용을 절감하며, 소비자의 요구에 더욱 민첩하게 반응할 수 있게 된다. 예를 들어, 정밀 농업 기술을 활용하면 농작물의 생육 상태를 실시간으로 모니터링하고 최적의 재배 환경을 조성하는 데 도움을 주어, 생산성을 30% 이상 향상시킬 수 있는 것으로 나타났다. 이를 통해 한국의 농업은 전통 농업에서 스마트 농업으로 변화하고 있으며, 이러한 변화는 경제 성장에 긍정적인 영향을 미친다고 전문가들은 강조하고 있다.",'스마트 농업 혁신 전략'의 목표 중 하나로 제시된 내용은 무엇인가?,"['농업 생산성 극대화', '농민 소득 보장', '농산물 수출 증가', '농업에 대한 대중 인식 개선', '자연재해 예방']",1,사회-경제,
augmented-143,"최근 한국에서 시행된 ‘일회용 비닐봉지 제로화 정책’은 환경 보호의 일환으로, 슈퍼마켓과 편의점 등에서 일회용 비닐봉지의 사용을 제한하는 내용을 담고 있다. 이러한 정책은 2020년 5월부터 본격적으로 시작되었으며, 환경부에 따르면, 이 정책 시행 이후 비닐봉지 사용량이 약 70% 감소한 것으로 나타났다. 그러나 소비자들 사이에서는 불편을 호소하는 목소리도 적지 않다. 이에 대해 정부는 대체 용기 및 장바구니 사용을 장려하고 있으며, 일부 지역에서는 재사용 가능한 에코백을 제공하기도 한다. 그러나 여전히 비닐봉지 사용을 지키지 않는 상점도 표시되고 있어 정책의 효과를 두고 논란이 일고 있다.",일회용 비닐봉지 제로화 정책 시행 이후 비닐봉지 사용량은 얼마나 감소하였는가?,"['50%', '60%', '70%', '40%', '80%']",3,사회-환경 정책,
augmented-145,"최근 한국에서 디지털 경제가 급속히 발전하면서 많은 기업들이 온라인 플랫폼을 통해 서비스를 제공하고 있다. 이로 인해 전통적인 오프라인 상점들과의 경쟁이 심화되고 있으며, 소비자들도 보다 다양한 선택지를 갖게 되었다. 하지만 이러한 변화는 일부 산업에 부정적인 영향을 미치기도 한다. 예를 들어, 소상공인들은 대형 온라인 쇼핑몰과의 가격 경쟁에서 어려움을 겪고 있고, 이에 따라 정부는 소상공인의 디지털 전환을 지원하고자 다양한 정책을 마련하고 있다. 특히, 소상공인에게 온라인 마케팅 및 플랫폼 활용 교육을 진행하여 경쟁력을 키우고자 하는 노력이 이루어지고 있다.",한국의 최근 디지털 경제 발전이 소상공인에게 미치는 주요 영향은 무엇인가?,"['경쟁력 증대와 매출 증가', '대형 온라인 쇼핑몰과의 가격 경쟁 심화', '고용 증가와 창업 활성화', '소비자 선택권 확대와 가격 하락', '정부의 지원 확대와 정책 강화']",2,사회-경제,
augmented-147,"“최근 서울의 한 고등학교에서 발생한 '디지털 교실' 모델 도입을 두고 학부모와 교사들 간의 의견이 엇갈리고 있다. 디지털 교실을 통해 학생들은 온라인으로 수업을 듣고, 과제를 제출하는 시스템이 도입되었는데, 일부 학부모는 '디지털 교실이 학생들의 사회성을 떨어뜨린다'고 우려하고 있다. 반면, 많은 교사들은 학생들이 디지털 매체를 활용해 더 창의적으로 접근할 수 있다고 긍정적 반응을 보이고 있다. 서울 교육청은 이러한 변화가 향후 학습 환경에 긍정적인 영향을 줄 것이라 기대하고 있다."" ",'디지털 교실' 도입에 대한 학부모들의 주요 우려는 무엇인가?,"['학생들의 성적 향상', '학생들의 사회성 저하', '교사의 업무량 증가', '학생들의 창의성 발전', '과목 간 연결성 증가']",2,사회-문화,
augmented-148,"1919년 3월 1일, 서울에서 ‘독립선언서’가 낭독되며 시작된 3.1운동은 한국인들의 독립 의지를 세계에 알린 중요한 사건이었다. 이 운동은 일본의 식민 지배에 대한 저항으로, 전국 각지에서 민족대표 33인이 만세를 부르며 시작되었다. 이들은 일제의 억압과 착취에 맞서 한국의 자유와 독립을 요구했다. 3.1운동은 비폭력 평화적 저항 운동으로, 이후 대한민국 임시정부 수립의 중요한 계기가 되었다. 이 운동은 국내외에서 큰 반향을 일으켰으며, 한국인의 민족 정체성과 자부심을 높이는 데 기여했다. 특히, 3.1운동을 통해 여성과 청년들의 참여가 두드러졌으며, 이는 이후 민주주의와 인권 사상의 발전에도 큰 영향을 미쳤다. 지금도 매년 3월 1일은 ‘삼일절’로 기념되고, 이 날은 한국 역사에서 중요한 독립과 저항의 의미를 되새기는 하루로 자리매김하고 있다.",3.1운동이 발생한 주요 이유는 무엇인가?,"['사회주의 확산 추구', '일본의 식민 지배에 대한 저항', '경제적 불평등 문제 해결', '청년 교육의 필요성', '대외 무역 확대']",2,사회-역사,
augmented-149,"""오늘날 경제는 소수의 대기업과 자본가들에 의해 지배되고 있으며, 이는 서민들의 삶에 직접적인 영향을 미칩니다. 지속적인 불평등의 증가는 사회적 갈등의 원인이 되고 있으며, 민주적 의사결정 과정에서 모든 국민이 동등하게 발언권을 갖지 못하는 상황이 지속되고 있습니다. 이로 인해 민중의 목소리를 대변하기 위한 새로운 정치 세력이 등장하고 있으며, 이들은 부와 권력이 집중된 기존 시스템에 도전하고 있습니다. 이러한 맥락에서 우리는 고대 그리스의 민주주의처럼, 모든 시민이 정치에 참여하는 권리를 재확립하려는 노력이 필요하다고 주장합니다.""",이 지문에서 논의된 주제와 가장 밀접하게 관련된 정치 운동은 무엇입니까?,"['19세기 산업 노동운동', '1980년대 환경운동', '17세기 절대주의 반대운동', '20세기 인권운동', '21세기 디지털 민주주의 운동']",4,사회-정치와 법,
augmented-150,"19세기 유럽은 산업 혁명과 함께 정치적, 사회적 변화가 급격하게 이루어지던 시기였다. 이 시기에는 자본주의의 발전과 함께 노동자 계급이 형성되었고, 이들은 자신의 권리를 찾기 위해 각종 노동조합과 사회주의 운동에 참여하였다. 이러한 변화는 단순히 경제적 요소에 그치지 않고, 정치적 요구로도 이어졌다. 예를 들어, 프랑스의 1848년 혁명은 노동자와 중산층이 함께 참여한 결과로, 시민의 권리와 자유를 확장하는 데 중요한 역할을 하였다. 이러한 흐름은 이후 유럽 전역으로 퍼져나가며 여러 정치적 연합과 분파가 형성되는 계기가 되었다.","19세기 유럽에서 노동자 계급의 정치적 요구와 관련하여, 다음 중 가장 관련성이 높은 사건은 무엇인가요?","['산업 혁명', '프랑스 대혁명', '1848년 혁명', '사회주의 선언', '독일 통일']",3,사회-세계사,
augmented-151,한 기업의 경영자가 생산성을 높이기 위해 직원들에게 높은 보상을 제공하기로 결정했습니다. 그러나 일부 직원들은 보상이 늘어났음에도 불구하고 여전히 자신의 업무에 대한 불만을 토로합니다. 이 상황에서 경영자가 간과하고 있는 것은 무엇일까요?,이 사례에서 직원들의 불만을 가장 잘 설명하는 개념은 무엇입니까?  ,"['직무만족이론', '인적자원 관리', '동기부여 이론', '조직문화의 영향', '성과 평가 시스템']  ",1,사회-경제 ,
augmented-152,"“나는 개인의 삶이 중요하다고 생각하며, 누구나 자신의 목소리를 내야 한다.” 유명 영화 감독인 봉준호는 이러한 신념을 가지고 다양한 사회적 이슈에 대해 목소리를 높여왔다. 그가 영화 '기생충'으로 세계적인 인정을 받으면서, 그는 영화뿐만 아니라 사회적 불평등과 빈곤 문제에도 많은 관심을 가져왔다. 봉 감독은 ""영화는 언어가 아닌 감정으로 사람들을 연결하는 힘이 있다""며, 그가 추구하는 영화는 단순한 오락이 아닌 사회적 메시지를 담고 있다는 것을 강조했다. 그는 또한, 자신의 작품이 관객들에게 어떤 영향을 미치길 원하는지에 대해 여러 차례 인터뷰에서 설명했다. 봉준호의 이러한 태도는 한국 사회에서 예술가가 사회적 책임을 다해야 한다는 논의에 중요한 기여를 하고 있다. 영화 산업 내에서 그는 새로운 시각을 통해 관객과의 소통을 강화하는 방법을 모색하고 있으며, 이러한 관점은 글로벌 영화계에서도 큰 화제를 모으고 있다.",봉준호가 강조한 영화의 의미는 무엇인가?,"['단순한 오락', '사회적 메시지를 담고 있는 연결의 힘', '경제적 성공', '정치적 선전', '감정의 표현']",2,사회-문화,
augmented-153,"최근 서울시를 포함한 대도시에서는 주택 가격 상승과 함께 신축 아파트 분양이 늘고 있다. 특히, 강남구를 중심으로 한 지역에서는 외국인 투자자들의 관심이 높아지며 아파트 매매가 활발하다. 이로 인해 기존 주거 지역에서는 전세세가의 상승과 공급 부족이 가중되고 있어, 강남 정황에 영향을 주고 있는 이슈로는 '공공 주택 공급 확대'에 대한 논의가 커지고 있다. 정부는 저렴한 주거 기회를 제공하기 위해 각종 정책을 시행하고 있으며, 이런 정책은 전체 부동산 시장에도 상당한 영향을 미치고 있다. 전문가들은 이러한 정책들이 성공적으로 이루어질 경우, 시장의 안정성을 가져올 수 있다고 전망하고 있다.",강남구의 아파트 가격 상승에 대한 주된 원인으로 언급된 사항은 무엇인가?,"['공공 주택 공급 확대', '재개발 사업 활성화', '외국인 투자자의 증가', '금리 인상', '정권 교체']",3,사회-경제,
augmented-154,"최근 일부 초등학교에서 시행되고 있는 '혁신학교' 프로그램이 학부모와 교육계의 관심을 받고 있다. 혁신학교의 도입 목적은 학생들의 자율성과 창의성을 증진시키고 다양한 교육 방법을 통해 맞춤형 교육을 제공하기 위함이다. 그러나 이 프로그램이 정규 교육 과정에 미치는 영향에 대한 우려도 커지고 있으며, 일부 전문가들은 교육의 질 저하를 염려하고 있다. 혁신학교의 운영 방법 중 하나는 프로젝트 기반 학습을 통해 실생활과 연계된 학습 환경을 조성하는 것이다. 하지만 또한 평가 기준이 불명확하다는 점과, 이에 대한 학생과 교사의 준비 부족이 문제로 지적되고 있다. 교육부는 이러한 우려를 반영하여 점진적으로 개선 방안을 모색하고 있다고 밝혔다.",혁신학교 프로그램의 도입 목적은 무엇인가?,"['교육의 질 향상', '학생들의 자율성과 창의성 증진', '교사 수업 개선', '학교 시설 현대화', '학생 수 감소 방지']",2,사회-교육,
augmented-155,"최근 한국의 대도시에서는 미세먼지 문제로 인한 건강권 침해가 심각한 사회 문제로 대두되고 있다. 특히 겨울철이 되면 공기 질이 악화되어 호흡기 질환을 앓는 시민들이 급증하고 있다. 이에 따라 정부는 미세먼지 저감 정책을 강화하고, 대중교통 이용 장려 및 공공기관의 미세먼지 관련 지도를 강화하기 위해 다양한 노력을 기울이고 있다. 하지만 시민들은 여전히 미세먼지의 심각성을 체감하지 못하고, 개인의 취약한 건강 상태에 대한 경각심도 낮은 것으로 나타났다. 전문가들은 시민들의 인식 전환과 함께 지속 가능한 미세먼지 관리 체계가 필요하다고 강조하고 있다. 그러나 여전히 공사장, 자동차 배출가스 등 다양한 요인으로 인해 미세먼지는 계속해서 증가하고 있다.",대도시에서 미세먼지 문제와 관련하여 전문가들이 강조하는 필요한 변화는 무엇인가?,"['개인의 건강 경각심을 높이는 교육', '정부의 철저한 환경 규제', '대기질 측정기 설치 확대', '미세먼지 예보 시스템 개선', '모든 정기적으로 공사 진행 통제']",1,사회-환경문제,
augmented-158,"2021년 8월, 아프가니스탄에서 탈레반이 수도 카불을 점령하면서 국제사회에 큰 충격을 주었다. 탈레반은 급속히 국가를 장악하고 정권을 수립한 이후 정부 관리들과 외국인들에게 떠날 기회를 제공하였으며, 많은 사람들이 공항으로 몰려들었다. 미국은 현지에 있는 자국민과 아프가니스탄 내 고위위험 대상자들을 대피시키기 위해 긴급 작전을 수행했으며, 국가의 정치적 불안정 상황은 국제 경제에도 영향을 미쳤다. 탈레반의 재집권으로 인해 여성의 교육과 권리가 제약될 것이라는 우려가 커지면서 여러 국가에서 인도적 지원을 제공하려는 움직임이 일어나고 있다.",탈레반이 카불을 점령하여 정권을 수립한 나라는 어디인가?,"['이라크', '시리아', '아프가니스탄', '리비아', '예멘']",3,사회-정치와 법,
augmented-159,"최근 부산시는 도시의 미세먼지 문제를 해결하기 위해 공공기관 및 민간 기업이 참여하는 ‘청정 공기 프로젝트’를 시작한다고 발표했다. 이 프로젝트는 도시 내 공기질을 정밀 측정하고, 미세먼지 발생을 줄일 수 있는 다양한 방법을 모색하기 위해 설정되었다. 부산시는 지역 내 학술 기관과 협력하여 미세먼지 저감 효과가 있는 기술 개발에도 착수하며, 시민들이 참여할 수 있는 공공 캠페인도 진행할 계획이다. 시 관계자는 “부산은 산업 도시인 만큼 미세먼지 문제는 매우 심각하다. 따라서 시민의 건강을 지키고 쾌적한 생활환경을 조성하기 위해 적극적으로 대처할 것”이라고 강조했다. 이어 프로젝트의 일환으로 단기간 내 미세먼지 감축 목표치를 설정하고, 이에 따른 성과를 공개하여 시민의 참여를 유도할 예정이다. 이러한 노력은 부산시가 ‘2050 탄소 중립 도시’로 나아가기 위한 중요한 첫걸음이 될 것으로 기대된다.",부산시가 추진하는 '청정 공기 프로젝트'의 주된 목적은 무엇인가?,"['미세먼지 문제 해결 및 시민 건강 보호', '관광산업 확대', '공공 기관 규모 축소', '신규 사업 창출', '산업 개발 촉진']",1,사회-환경문제,
augmented-160,"최근 한국의 지방자치단체가 지역 문화 및 전통 산업을 살리기 위한 다양한 정책을 시행하고 있다. 특히, 특정 지역에서 전통 공예와 지역 음식 산업의 발전을 위해 주민들이 직접 참여하는 프로그램이 확대되고 있다고 전해진다. 이러한 노력은 일자리 창출과 지역 경제 활성화에 기여하고 있으며, 외부 관광객 유치에도 긍정적인 영향을 미치고 있다. 그러나 전문가들은 이러한 정책이 일시적인 효과에 그칠 수 있으며, 지속 가능성을 확보하기 위해서는 보다 체계적인 지원이 필요하다고 경고하고 있다. 예를 들어, 교육과 연계된 프로그램 개발이나 지역 브랜드화 전략이 함께 추진되어야 한다는 의견이 제기되고 있다.",지방자치단체의 전통 문화 및 산업 발전 정책에 대한 전문가의 의견으로 가장 적절한 설명은 무엇인가?,선택지:,3,사회-문화와 경제,
augmented-162,"2023년 5월 서울시는 환경오염 문제 해결을 위한 정책으로 '청정 서울 프로젝트'를 발표했다. 이 프로젝트는 미세먼지 저감과 대기 질 개선을 목표로 하며, 다양한 전략을 포함하고 있다. 특히, 전기차 보급 활성화, 대중교통 이용 장려, 그리고 도심 내 녹지 공간 조성을 통해 시민들의 건강을 지키겠다는 계획이다. 서울시는 이를 위해 정부와 협력하고, 시민 참여를 유도하기 위한 캠페인도 진행할 예정이다. 이 프로젝트는 2025년까지 실현할 계획이며, 전문가들은 이러한 노력이 지속된다면 서울의 대기 질이 크게 개선될 것이라고 예측하고 있다.",'청정 서울 프로젝트'의 주된 목표는 무엇인가?,"['환경오염 문제 해결', '전기차 보급 확대', '대중교통 수단 증가', '녹지 공간 축소', '산업 발전 촉진']",1,사회-환경론,
augmented-163,"한국의 저출산 문제는 사회 각계각층에서 심각하게 인식되고 있으며, 이를 해결하기 위한 다양한 정책과 논의가 진행되고 있다. 정부는 출산 장려금과 육아 지원 정책을 마련하고 있지만, 이러한 정책들이 실제로 출산율을 높이는데 얼마나 효과적인지는 불확실하다. 특히, 경제적 부담과 자녀 양육에 대한 사회적 인식 변화가 출산율 감소에 큰 영향을 미치고 있다. 더불어 여성의 경력 단절 문제도 심각하게 논의되고 있으며, 이로 인해 출산에 대한 부담감이 더욱 커지고 있다. 전문가들은 이러한 문제를 해결하기 위해 국가 차원의 종합적인 접근이 필요하다고 강조하고 있다. 연령대별 출산율을 분석하고, 다양한 맞춤형 지원 정책을 제안하며, 성평등한 육아환경 조성을 위해 민관이 함께 노력해야 한다는 주장도 잇따르고 있다.",한국의 저출산 문제 해결을 위한 전문가들의 주된 주장 중 하나는 무엇인가?,"['출산 장려금을 늘려야 한다', '여성의 경력 단절 문제를 해결해야 한다', '주택 정책을 개선해야 한다', '임신과 출산에 대한 교육을 강화해야 한다', '금융 지원만으로는 부족하다']",2,사회-인구 및 가족,
augmented-164,"최근 한국의 중소기업들이 글로벌 시장에서 경쟁력을 강화하기 위해 혁신적인 기술 개발에 적극 나서고 있다. 이를 통해 인공지능(AI), 빅데이터, 사물인터넷(IoT) 등 다양한 분야에서 신제품을 출시하고 있으며, 정부 또한 이러한 기업들을 지원하기 위해 창업 지원금과 연구개발(R&D) 비용을 확대하는 정책을 추진하고 있다. 그러나 중소기업들이 기술 개발에 필요한 인력을 확보하는 데 어려움을 겪고 있으며, 이에 따라 일자리 창출 효과와 경제 성장에 대한 우려가 커지고 있다. 전문가들은 중소기업의 혁신성을 높이기 위해서는 기업과 교육 기관 간의 협력 강화를 통해 인재 양성에 나서야 한다고 강조하고 있다.",중소기업의 기술 개발에 필요한 인력 확보에 대한 문제로 언급되지 않은 것은 무엇인가?,"['정부의 정책 지원 부족', '인력 채용의 어려움', '산학 협력 강화 필요', '제품 개발의 저조', '글로벌 경쟁의 심화']",4,사회-경제,
augmented-165,"최근 한국은 기후 변화 문제에 적극 대응하기 위해 탄소 중립 목표를 설정했다. 정부는 2030년까지 온실가스 배출을 2018년 대비 40% 줄이기로 하였고, 이를 실현하기 위해 다양한 청정 에너지 개발 및 재생 에너지 활성화 정책을 추진하고 있다. 특히, 태양광 및 풍력 발전을 증대시키고 화석 연료 사용을 점진적으로 줄여 나갈 계획이다. 환경부는 이를 위해 인센티브를 제공하고, 관련 산업의 발전을 도모하고자 다양한 프로그램을 시행하고 있다. 이러한 정책은 지속 가능한 발전을 위해 필수적이며, 기후 변화로 인한 재난을 예방하기 위해서도 필요하다.",한국 정부가 2030년까지 온실가스 배출을 2018년 대비 40% 줄이기로 한 이유는 무엇인가?,"['재생 에너지 사업을 확대하기 위해', '지속 가능한 발전을 위해', '환경 보호를 위한 국제적 책임 때문', '화석 연료 의존도를 줄이기 위해', '기후 변화 재난 예방을 위해']",2,사회-환경과 지구과학,
augmented-167,"최근 한국의 한 대기업이 연구개발(R&D) 부서의 비효율성을 해소하기 위해 고유의 스타트업을 설립한다고 발표했다. 이 기업의 경영진은 이번 결정을 통해 혁신적인 제품 개발을 촉진하고 글로벌 시장에서의 경쟁력을 강화할 수 있을 것으로 기대하고 있다. 연구개발본부는 그간 기업 내에서 고립되어 있었던 인재들이 독립적인 환경에서 창의성을 발휘할 수 있도록 지원할 예정이다. 또한, 기업의 주주들은 이 새로운 시도가 경영 성과로 이어질 수 있다고 믿고 있다. 이와 관련하여 업계 전문가들은 경쟁 환경이 심화되고 있는 상황에서 기업이 이러한 변화를 통해 지속 가능한 성장을 도모하려는 시도를 높이 평가하고 있다.",대기업이 연구개발 부서의 비효율성을 해소하기 위해 스타트업을 설립하기로 한 주된 이유는 무엇인가?,"['혁신적인 제품 개발을 촉진하기 위해', '기존 R&D 인력을 감축하기 위해', '주주 가치를 극대화하기 위해', '글로벌 시장에서의 점유율 확대를 위해', '스타트업 생태계를 지원하기 위해']",1,사회-경제,
augmented-168,"최근 들어, 한국의 도시들이 지속 가능한 발전을 위해 ‘스마트 시티’로의 전환을 추진하고 있다. 스마트 시티는 정보통신기술(ICT)을 활용하여 교통, 에너지, 환경, 사회 서비스의 통합 관리와 향상을 목표로 한다. 이러한 변화는 방대한 데이터를 분석하고 시민의 편의를 높이는 데 기여할 것으로 예상된다. 하지만, 이와 관련한 개인정보 보호 및 디지털 격차 해소 문제도 중요한 쟁점으로 부각되고 있으며, 정부는 이를 해결하기 위한 정책을 마련 중이다. 스마트 시티의 성공적인 구현을 위해서는 시민 참여와 다양한 의견 수렴이 필수적이다. ",스마트 시티로의 전환이 중요한 이유로 가장 알맞은 것은 무엇인가?  ,"['시민의 편의를 증진하기 위하여', '국제 경쟁력을 높이기 위하여', '정보통신기술을 산업화하기 위하여', '정부의 정책적 필요에 의해', '기술 발전을 촉진하기 위하여']  ",1,사회-정치와 법,
augmented-169,"김정호는 친구들과 함께 코로나19 확산 방지를 위한 온라인 학습을 실시하기로 결정을 내렸습니다. 그는 효율적인 학습을 위해 각자 강의를 준비하고, zoom을 통해 함께 토론하기로 하였습니다. 이 과정에서 김정호는 공동체 의식을 더욱 느끼게 되었습니다.",이 상황에서 김정호가 느낀 공동체 의식을 강화한 주된 요인은 무엇인가요?,"['개인의 노력', '사회적 책임감', '수업의 효율성', '친구와의 경쟁', '기술의 발전']",2,사회-윤리와사상,
augmented-170,"최근 한국의 대기오염이 심각한 문제로 대두되고 있으며, 정부는 다양한 대책을 내놓고 있다. 서울시는 미세먼지 문제 해결을 위해 도로 재포장, 대중교통 이용 촉진, 그리고 자동차 배출가스 기준 강화와 같은 여러 정책을 시행하고 있다. 또한, 시민들의 건강을 지키기 위해 실시간 대기질 정보를 제공하고, 특정 지역에서의 자동차 운행을 제한하는 방안도 고려되고 있다. 환경전문가들은 이러한 대책들이 장기적으로 대기 질 개선에 기여할 수 있으나, 시민의 인식 변화와 적극적인 참여가 필수적이라고 주장하고 있다. 이와 같은 노력에도 불구하고 여전히 대기오염의 원인인 산업단지와 자동차 수가 많아, 근본적인 해결책 제시가 필요하다는 지적도 존재한다.",서울시가 시행하고 있는 미세먼지 문제 해결을 위한 대책 중 시민들의 인식 변화와 참여가 가장 중요하다고 강조된 이유는 무엇인가?,"['정책 실행의 효과를 높이기 위해', '대기오염 측정의 정확성을 높이기 위해', '대기 질 악화를 방지하기 위해', '시민들의 건강을 보호하기 위해', '정부의 재정 부담을 줄이기 위해']",1,사회-환경과 생활,
augmented-171,"민주주의 사회에서 시민의 권리는 정부에 의해 보호되어야 하며, 이는 공공의 이익을 위한 필수 요소입니다. 시민이 권리를 행사하는 방식은 투표, 집회, 청원 등의 다양한 형태로 나타날 수 있습니다. 또한, 소수자의 권리가 보장되지 않는 경우, 전체 사회의 공정성 또한 위협받게 됩니다. 따라서, 민주주의는 단순히 다수의 결정으로만 이루어지는 것이 아니라, 모두의 권리와 자유를 존중하고 보호하는 체계이어야 합니다. 과거 여러 차례의 사회적 운동은 이러한 취지를 더욱 강조하는 계기가 되었습니다. 그 결과, 사회 구성원은 더 나은 민주사회를 위한 책임을 느끼게 되며, 각각의 목소리가 중요함을 인식하게 됩니다.",위 지문에서 강조하고 있는 민주주의의 핵심 요소는 무엇인가요?,"['소수자의 권리가 무시될 수 있음', '시민의 다양한 권리 행사의 방식', '투표는 유일한 권리 행사 방법이다', '강한 정부 권한의 필요성', '다수의 결정이 항상 옳다']",2,사회 - 정치와 법,
augmented-172,"최근 한국의 지방선거에서 청년 후보들이 많아지면서 젊은 세대의 정치 참여가 활발해지고 있다. 선거관리위원회에 따르면, 2022년 지방선거에서 20대 및 30대 후보자의 등록 비율이 전년 대비 15% 증가했으며, 이로 인해 후보자들 중 청년층의 목소리가 더욱 많이 반영되고 있다. 특히, 환경, 교육, 일자리 문제를 중심으로 한 공약들이 유권자들의 큰 지지를 받고 있다. 이러한 변화는 청년들이 사회 문제에 대해 더 많은 관심을 가지게 된 결과로 분석되고 있다. 또한, 청년층이 자신의 의견을 적극적으로 표현하면서 정치적 소외감이 줄어드는 긍정적인 현상도 발생하고 있다.",2022년 지방선거에서 청년 후보자의 등록 비율이 전년 대비 몇 퍼센트 증가했습니까?,"['5%', '10%', '15%', '20%', '25%']",3,사회-정치,
augmented-173,"최근, 재생 가능 에너지의 필요성이 증가하면서 한국 정부는 태양광 및 풍력 에너지 확대를 위한 다양한 정책을 추진하고 있다. 2020년에는 ‘재생 에너지 2030 이행 계획’을 수립하여, 2030년까지 재생 에너지 비율을 20%로 늘리겠다고 발표하였다. 이에 따라 대규모 태양광 발전 단지가 전국 곳곳에 설치되고 있으며, 해상풍력 발전소도 활성화되고 있다. 이러한 정책은 기후 변화 대응 뿐만 아니라 에너지 자립화를 위한 중요한 수단으로 평가받고 있다. 그러나 재생 에너지 발전에는 환경 문제, 특히 생태계 파괴와 관련한 논란이 동반되기도 한다. 예를 들어, 해상풍력 발전소가 설치되면 해양 생태계에 영향을 미칠 수 있어 지역 주민과의 갈등이 발생하기도 한다.",한국 정부의 재생 에너지 확대 정책의 목표 연도는 언제인가?,"['2025년', '2030년', '2040년', '2022년', '2028년']",2,사회-환경 정책,
augmented-174,"2021년 한국에서 실시된 조사에 따르면, 청년층의 자산 형성에 있어 주택 소유가 중요한 요소로 작용하고 있다. 조사 결과, 주택을 소유한 청년층은 평균적으로 비소유 청년층에 비해 30% 이상의 재산을 더 보유하고 있으며, 주택을 소유한 청년 중 60%는 자산 증가에 긍정적인 영향을 미쳤다고 응답했다. 그러나 주택 구매에 필요한 초기 자본금이 부족한 청년들이 많아 대출을 통한 주택 구입을 고려하는 경우가 많다. 이에 따라, 정부는 청년층 대상 저금리 주택 대출 상품을 출시하여 자산 형성을 지원하고 있으며, 이러한 정책이 청년층의 삶의 질을 향상시킬 것으로 기대하고 있다.",2021년 조사에서 주택을 소유한 청년층의 평균 재산은 비소유 청년층에 비해 몇 퍼센트 이상 보유하고 있다고 응답했는가?,"['10%', '20%', '30%', '40%', '50%']",3,사회-경제,
augmented-175,"서울의 한 사회복지 정책 분석가는 “고령화 사회가 진행됨에 따라 노인의 빈곤 문제가 심각해지고 있으며, 이에 대한 사회적 책임이 증대하고 있다”고 밝혔다. 그는 고령층의 경제적 불평등 해결을 위해 정부의 다양한 정책이 필요하다고 강조하며, 특히 연금 제도의 개혁이 시급하다고 말했다. 또, “노인 인구가 증가함에 따라 맞춤형 복지 서비스 제공을 위한 지역사회의 역할도 더욱 중요해지고 있다”고 설명했다. 그는 “저소득 노인을 위한 보조금 지급과 같은 적극적인 정책이 필요하다”며 “이를 통해 노인이 존엄하게 생활할 수 있도록 사회가 힘을 모아야 한다”고 덧붙였다. 또한 그는 자원봉사와 같은 지역사회의 참여를 통해 보다 효과적인 복지 서비스를 실현할 수 있다고 제안했다.",이 사회복지 정책 분석가가 강조한 고령화 사회에서의 노인 복지 문제 해결을 위한 주요 요소는 무엇인가?,"['장기요양보험의 확대', '노인 인구에 대한 맞춤형 복지 서비스 제공', '연금 제도의 개혁', '자원봉사 활성화', '지역사회의 복지 서비스 참여']",3,사회-사회복지,
augmented-176,"최근 한 대학에서는 교수진의 연구 성과 향상과 인사 관리를 개선하기 위한 새로운 정책을 도입하였다. 이 정책은 교수들이 연구에 더욱 집중할 수 있도록 책임 강의 시수를 조정하는 내용을 포함하고 있다. 특히, 교수들이 신임교수 임용 평가에서 느끼는 어려움과 관련하여, 관리자가 '공정한 평가 시스템'을 반드시 구축하겠다고 약속하였다. 또한, 연구에 대한 지원 강화와 더불어, 교수들이 실적을 내는 데 도움이 되는 다양한 인센티브 제공이 강조되었다. 교육부는 이러한 변화를 통해 학계의 경쟁력을 높이고 교수들의 연구 환경을 개선해 나가겠다는 계획을 세우고 있다.",대학에서 도입한 연구 성과 향상 정책에서 강조된 주된 내용은 무엇인가?,"['책임 강의 시수 조정', '연구비 지원 축소', '신임교수 평가 기준 강화', '휴직 제도 폐지', '상벌 제도 도입']",1,사회-정치와 법,
augmented-177,"한국의 대표적인 문화유산 중 하나인 고려청자(高麗靑磁)는 고려시대(918-1392)부터 조선시대(1392-1910) 초기에 걸쳐 제작된 도자기로, 그 푸른 빛깔과 독특한 문양으로 세계적인 주목을 받고 있다. 고려청자는 높은 기술력을 바탕으로 다양한 형식과 색상을 자랑하며, 특히 그 중에서도 '진사(眞砂)' 기법으로 만들어진 청자가 가장 유명하다. 이러한 청자는 주로 고급 주방용기로 사용되었고, 고려시대의 미적 가치와 기술적 우수성을 잘 보여준다. 고려청자는 20세기 초반부터 국제 미술 시장에서도 큰 인기를 끌며, 오늘날까지도 많은 사랑을 받고 있다. 특히, 2000년대에는 고려청자에 대한 연구와 복원 작업이 활발하게 이루어지면서 그 가치가 재조명되고 있다.",고려청자가 가장 유명한 기법으로 만들어진 종류는 무엇인가?,"['백자', '진사', '백연', '관요', '투각자']",2,사회-문화,
augmented-180,"한국에서는 1960년대와 70년대에 학생운동과 노동운동이 활발하게 전개되었다. 특히 1960년 4.19 혁명 이후 학생들은 민주화와 사회정의를 위한 다양한 활동에 참여하게 되었고, 이는 단순히 학교 내의 문제를 넘어 사회 전반에 영향을 미쳤다. 이러한 운동은 국내에서 많은 사회적 변화와 함께 정치적 긴장을 일으켰으며, 학생들의 요구는 노동자들의 권리와 연대하여 확대되었다. 이 시기에 학생과 노동자가 함께 행동할 때, 그들의 목소리가 더 강력하게 표현될 수 있었다.",위 지문의 내용과 가장 관련이 깊은 사건은 무엇인가요?,"['5.18 광주민주화운동', '4.19 혁명', '부마항쟁', '노점상 단속 반대 시위', '전두환 정권 출범']",2,사회-역사,
augmented-182,"다음은 북한의 사회주의 경제 체제에 대한 설명입니다. 북한의 경제는 국가 계획에 기반하여 운영되며, 주요 생산 수단은 국유화되어 있습니다. 이러한 시스템은 자원 배분에 있어 정부의 통제력을 극대화하고자 하며, 개인의 경제적 자유는 상대적으로 제한됩니다. 그러나 이러한 경제 방식은 국제 사회에서의 제재와 자원의 부족으로 인해 심각한 문제에 직면하고 있습니다. 북한 정부는 이러한 문제를 해소하기 위해 '주체사상'에 기반한 자체적인 경제 발전 방안을 제안하고 있습니다. 하지만 과거 경험들을 통해 중앙 계획 경제의 한계 또한 드러나고 있습니다.",다음 중 북한의 경제 체제가 직면하고 있는 심각한 문제로 올바른 것은 무엇입니까?,"['국가의 모든 결정이 시장에 의해 이루어져 자율성이 높아졌다.', '국가의 통제력이 약해져 지역 간 경제 불균형이 심해졌다.', '국제 사회의 제재로 인해 자원 배분이 어려워졌다.', '개인의 경제적 자유가 확대되어 창의적 사업이 활발히 이루어진다.', '국유화된 생산 수단이 효율적으로 운영되고 있다.']",3,사회-경제,
augmented-183,"최근 정부는 수도권 내 대중교통 개선을 위해 새로운 노선의 경전철을 도입하기로 결정하였다. 이 경전철 노선은 주요 생활권과 상업지구를 연결해 주민들의 통행 편의를 증대시키고, 대기오염과 교통혼잡을 줄이기 위해 설계되었다. 경전철은 전기 모터를 이용하여 운영되며, 기존 버스 노선의 효율성을 개선하는 것이 목표이다. 이와 함께, 역 주변 지역의 개발도 추진될 예정이며, 주민 의견 조사 및 공청회를 통해 목소리를 반영하겠다고 밝혔다. 정부는 이 프로젝트를 통해 약 3만 개의 일자리를 창출하고, 지역 경제에 활력을 불어넣겠다는 계획을 세우고 있다.",정부가 새로 도입할 경전철의 주요 목적 중 하나는 무엇인가?,"['교통혼잡을 줄이기 위해', '모든 버스를 경전철로 대체하기 위해', '수도권 내 모든 지역을 연결하기 위해', '지하철 요금을 인하하기 위해', '상업지구의 이동 편의성을 감소시키기 위해']",1,사회-교통 경제,
augmented-184,"에티오피아는 아프리카 대륙의 각종 문화와 언어의 중심지로, 주로 아므하라어, 오로모어, 그리고 티그리니아어가 사용된다. 이 나라는 독립적인 국가로서 20세기 초부터의 식민지 역사에도 불구하고, 아프리카에서 가장 오래된 독립 국가 중 하나로 꼽힌다. ",에티오피아의 공식 언어 중 하나가 아닌 것은 무엇인가?,"['아므하라어', '오로모어', '티그리니아어', '스와힐리어', '특수 언어']",4,사회-세계지리,
augmented-186,"2023년 국가 교육 과정 개정에 따라, 중고등학교에서의 창의적 체험 활동이 강화되고 있다. 이 개정은 학생들이 사회적 책무를 느끼고, 적극적으로 참여할 수 있는 능력을 키우는 데 중점을 두고 있다. 특히, 지역 사회와 연계한 프로젝트 학습, 자원 봉사 및 학생 주도의 행사 기획 등이 포함된다. 이러한 변화는 학생들이 실제 사회 문제를 인식하고 그 해결책을 고민하는 과정을 통해 비판적 사고 능력을 배양하고 공동체 의식을 증진시키기 위한 것이다. 이에 따라 여러 학교에서 지역 주민들과 협력하여 환경 보호, 재활용 캠페인과 같은 다양한 활동을 진행하고 있으며, 학생들은 자신의 경험을 바탕으로 문제를 분석하고 해결 방안을 모색하는 능력을 기르고 있다.",2023년 국가 교육 과정의 개정 방향은 학생들에게 어떤 능력을 배양하고자 하는가?,"['창의적 사고 능력', '비판적 사고 능력', '기계적 계산 능력', '체육적 능력', '선택적 암기 능력']",2,사회-교육,
augmented-187,"2021년 3월, 서울에서 열린 한 국제 회의에서 안전한 식품 생산과 공급망 구축의 중요성이 논의되었다. 이 회의에는 유럽연합, 아시아태평양 경제협력체(APEC) 등 다양한 국가의 정부 관계자와 전문가들이 참석하였다. 그들은 기후 변화와 글로벌 팬데믹으로 인한 농업 및 식품 산업의 불확실성이 증가하고 있음을 우려하며, 지속 가능한 농업, 식품 안전 확립 및 국제 협력의 필요성에 대해 강조했다. 특히, 지속 가능한 농업을 위한 기술 혁신과 안전한 식품 공급망 확보는 모두의 건강과 직결되기 때문에 이를 위한 정부와 기업 간 협력이 필수적이라고 입을 모았다. 또한, 참석자들은 이를 통해 더욱 안전한 식품을 소비자에게 제공할 수 있도록 해야 한다고 강조하며, 소비자와 생산자의 신뢰 구축이 무엇보다 중요하다는 의견을 공유하였다.",회의의 주요 논의 주제는 무엇인가?,"['기후 변화의 영향', '안전한 식품 생산과 공급망', '농업 기술 혁신', '글로벌 팬데믹의 대응', '소비자 보호 정책']",2,사회-경제,
augmented-188,"19세기 후반, 개항 이후 한국 사회는 외국과의 교류가 활발해졌다. 이 시기에 도입된 서양 문물과 이념은 한국 사회에 많은 변화를 가져왔다. 이로 인해 근대화의 과정이 시작되었고, 자주성을 되찾기 위한 노력과 함께 새로운 사조가 등장하였다. 이러한 변화의 배경에는 여러 가지 정치적, 사회적 요인이 작용하였다. 이 시기에 다양한 개혁 운동이 일어났으며, 이는 한국 사회의 발전에 중요한 영향을 미쳤다.","위 지문에서 언급된 '근대화의 과정'과 관련하여, 이 시기에 발생한 사건이나 운동 중 옳지 않은 것은 무엇인가?",선택지:,4,사회-한국사,
augmented-189,"한국의 대표적인 산업 중 하나인 자동차 산업은 세계 시장에서도 중요한 위치를 차지하고 있다. 특히 현대자동차는 지속적인 기술 혁신과 글로벌 시장 점유율 확대를 통해 성장해왔다. 최근에는 전기차와 자율주행차 같은 미래형 기술 개발에 투자하고 있으며, 이에 대한 정부의 지원도 열렬히 이루어지고 있다. 하지만, 한편으로는 국내외 경쟁이 심화되고 있으며, 미국과 유럽의 친환경 규제가 강화됨에 따라 지속 가능한 발전을 위한 과제가 산적해 있다. 이러한 변화 속에서 현대자동차는 지속 가능한 경영을 도모하기 위한 여러 전략을 수립하고 있다.",현대자동차가 직면한 주요 문제 중 하나로 가장 적절한 것은 무엇인가?,"['기술 혁신의 필요성', '전통적인 자동차 시장의 감소', '소비자 수요의 변화', '중국 시장 진입 실패', '환경 규제 강화']",5,사회-경제,
augmented-190,"최근 한국에서는 기후변화 대응을 위한 다양한 정책이 시행되고 있다. 특히, 정부는 2050 탄소중립 목표를 설정하고 각 산업 부문에서 탄소 배출량을 줄이기 위한 구체적인 계획을 수립하고 있다. 이러한 정책의 일환으로, 재생 에너지 확대와 전기차 보급을 적극적으로 추진하고 있으며, 이를 통해 친환경 경제로의 전환을 목표로 하고 있다. 이러한 노력들은 국제 사회에서의 이미지 제고와 동시에 국내 경제의 지속 가능한 성장을 도모하기 위한 것이다. 특히, 2022년부터 시행된 '재생 에너지 3020 이행계획'은 태양광과 풍력 발전을 주요 재생 에너지원으로 삼고 있으며, 이에 대한 투자와 연구 개발이 활발히 이루어지고 있다.",정부에서 설정한 탄소중립 목표 년도는 언제인가?,"['2030년', '2040년', '2050년', '2060년', '2070년']",3,사회-환경 정책,
augmented-191,"최근 한국 정부는 농업 분야의 지속 가능한 발전을 위해 친환경 농자재의 사용을 의무화하는 정책을 발표하였다. 이에 따라 농업인들은 화학 비료와 농약의 사용량을 줄이고, 대체재로 유기 농자재를 도입해야 한다. 정부는 이러한 정책이 건강한 식단을 제공하고, 토양과 수질 오염을 감소시킬 것이라고 주장하고 있다. 그러나 일부 농민들은 생산비 증가와 수확량 감소를 우려하며 반대 의견을 내고 있다. 정부는 향후 5년 간 이러한 친환경 농업 정책을 단계적으로 추진할 계획이며, 이 과정에서 농민들을 위한 교육 및 지원 프로그램도 마련할 예정이다. 친환경 농업의 의무화에 대한 의견이 분분한 가운데, 일부 전문가는 이러한 변화가 궁극적으로 식품 산업의 전반적인 질을 향상시킬 것으로 예상하고 있다.",정부가 발표한 친환경 농자재 의무화 정책의 최종 목표는 무엇인가?,"['농민의 소득 증대', '식품 안전성 향상', '화학 비료 사용 증가', '농업 기계화 촉진', '수출 증대']",2,사회-환경,
augmented-192,"최근 한국의 한 대기업이 배터리 사업 부문 확대를 위해 해외 배터리 제조업체와 전략적 협력을 위한 양해각서를 체결했다. 이 회사는 전기차에 배터리를 공급하기 위해 두 개의 다양한 배터리 생산라인을 구축할 계획이며, 오는 2025년까지 연간 300만 개의 배터리를 생산할 것으로 예상된다. 이와 더불어 회사는 내년에 배터리 연구개발 센터를 설립하여 신기술을 연구하고, 자율주행차와 같은 차세대 자동차에도 배터리 솔루션을 제공할 예정이다. 이러한 움직임은 전 세계 전기차 시장의 급성장에 따른 것으로, 연구개발과 생산능력 강화를 통해 고객의 요구에 부응하려는 전략으로 해석된다.",이 대기업이 양해각서를 체결한 사업 부문은 무엇인가?,"['반도체', '배터리', '자동차 조립', '철강', '서비스']",2,사회-경제,
augmented-193,"서울시의 한 공동주택에서 노인 인구가 급격히 증가하고 있습니다. 이에 따라 주민들은 노인 인구를 위한 사회서비스의 필요성을 느끼고 있으며, 자원봉사 활동을 통해 이 문제를 해결하고자 노력하고 있습니다. 이러한 변화는 지역 사회의 응집력을 높이며, 세대 간의 소통을 촉진시키는 데 기여하고 있습니다.",위의 사례에서 나타나는 사회 현상을 무엇이라고 할 수 있습니까?,"['사회적 자본', '세대 간 갈등', '인구 고령화', '공동체 회복력', '사회적 고립']",1,사회-사회 문제와 발전,
augmented-194,"최근 한국의 청년 실업률이 높아지고 있으며, 이는 여러 가지 사회적 요인에 의해 촉발되고 있다. 기업의 채용이 줄어들고, 청년층의 경력이 부족해 구직 난이도가 더욱 심화되고 있다는 분석이 제기되고 있다. 또한, 일부 전문가들은 경제 성장률 둔화와 함께 고용 시장에서의 변화가 청년 실업 문제를 더욱 악화시키고 있다고 지적하고 있다. 정부는 이러한 문제를 해결하기 위해 다양한 청년 정책과 지원 방안을 마련하고 있지만, 실질적인 성과는 미비한 상황이다. 청년들이 취업을 위해 직업 교육이나 다양한 경험을 쌓는 것이 중요하다는 목소리도 잇따르면서, 사회적 돈 문제와 미취업 청년들의 심리적 압박 또한 고려해야 할 중요한 요소로 떠오르고 있다.",현재 한국의 청년 실업률이 높아지는 주된 원인은 무엇인가?,"['기업 채용 감소', '임금 저하', '정부 정책 미비', '고령화 사회 진입', '외국인 노동자 유입 증가']",1,사회-경제,
augmented-195,"최근 K-POP의 글로벌 영향력이 증가하면서, 한국 대중문화가 해외에서 폭발적인 인기를 얻고 있다. 특히 BTS는 미국 빌보드 차트에서 여러 번 1위를 기록하며, 한국 음악의 위상을 높였다. 이러한 현상은 단순한 음악 장르의 확산을 넘어, 한국 문화 전반에 대한 관심으로 이어지고 있다. 많은 외국 팬들이 한국어를 배우고 한국 드라마, 영화, 패션에도 관심을 갖게 되면서, 한국의 문화 산업은 더욱 활성화되고 있다. 이러한 변화는 경제적 파급효과도 미치고 있으며, 세계 각국에서 한국 문화를 소개하는 축제와 행사가 증가하고 있는 추세이다.",BTS가 미국 빌보드 차트에서 여러 번 1위를 기록한 이유는 무엇인가?,"['K-POP의 장르 다양성', '소셜 미디어의 영향', '한국어 학습자의 증가', '글로벌 팬베이스 형성', '한국 드라마의 인기']",4,사회-문화,
augmented-196,"최근 한 기업이 재활용 가능한 플라스틱을 이용해 제품을 제조하겠다고 발표했다. 이 기업은 자원의 낭비를 줄이고 환경을 보호하기 위한 ‘지속 가능한 개발’ 전략의 일환으로, 제품의 50% 이상에 재활용 플라스틱을 사용하겠다는 목표를 세웠다. 이와 함께 기업은 소비자들에게 재활용의 중요성을 알리기 위한 캠페인을 진행하고 있으며, 전 세계적으로 플라스틱 쓰레기 문제를 해결하기 위한 다양한 노력을 기울이고 있다. 환경 단체는 이러한 시도를 긍정적으로 평가하고 있으며, 다른 기업들도 지속 가능한 방향으로 나아가야 한다고 강조하고 있다.",해당 기업의 목표에서 재활용 플라스틱을 사용하는 비율은 몇 퍼센트 이상인가?,"['30%', '40%', '50%', '60%', '70%']",3,사회-환경과 지속 가능성,
augmented-197,"최근 서울시의 한 아파트 단지에서 주민 회의가 열렸다. 이 회의에서는 단지 내 범죄 예방과 안전을 위한 방안 논의가 주를 이루었다. 주민들은 CCTV 설치와 같은 보안 시스템 강화, 경비 인력 증원, 그리고 소방시설 점검과 홍보 활동의 필요성을 주장했다. 또한, 주민들이 서로 소통하고 협력할 수 있는 프로그램도 필요하다는 의견이 나왔다. 이와 관련해 아파트 관리소 측은 예산 문제와 주민들의 협력을 요청하며, 구체적인 실행 방안을 마련할 것이라 밝혔다.",아파트 단지 주민들이 회의에서 논의한 범죄 예방을 위한 방안 중 포함되지 않은 것은 무엇인가?,"['CCTV 설치', '경비 인력 증원', '소방시설 점검', '주민 소통 프로그램', '음식 배달 서비스 확대']",5,사회 - 지역사회와 안전,
augmented-199,"최근 서울시는 도시의 대기오염 문제를 해결하기 위해 미세먼지 저감 정책을 강화하겠다고 발표했다. 이 정책은 차량의 배출가스를 줄이고 시민의 건강을 보호하기 위한 목적으로 시행되며, 바이오 연료 사용과 대중교통 이용 장려 등의 방법을 포함하고 있다. 그러나 일부 시민들은 그러한 대책이 불편함과 추가 비용을 초래할 수 있다고 우려를 표명하고 있다. 예를 들어, 대중교통 이용 촉진 방안으로 버스 요금이 인상될 가능성이 있고, 이로 인해 서민층의 경제적 부담이 가중될 수 있다는 것이다. 서울시는 이러한 우려를 해소하기 위해 시민들과의 소통을 강화하고, 정책 효과를 면밀히 분석하여 지속 가능한 환경을 만들겠다고 밝혔다.",서울시가 시행하고자 하는 미세먼지 저감 정책의 주된 목적은 무엇인가?,"['시민의 불편을 줄이기 위해', '대기오염 문제를 해결하기 위해', '교통체증을 증가시키기 위해', '버스 요금을 인상하기 위해', '시민의 건강을 해치기 위해']",2,사회-환경정책,
augmented-200,이선영은 학업 성취가 우수할 뿐만 아니라 다양한 동아리 활동에 참여하며 친구들과의 관계를 잘 유지하는 학생입니다. 그녀는 종종 리더 역할을 자처하여 팀 프로젝트에서 의견을 조율하기도 합니다.,다음 중 이선영이 속한 가정의 양육 방식에 가장 잘 부합하는 것은 무엇입니까?,"['독립적', '권위적인', '자율적인', '허용적인', '위계적인']",3,국어-독서,
augmented-201,"최근 출간된 소설 <우리의 시간>은 세 명의 주인공이 한 정원에서 서로 다른 성장 배경과 가치관을 가지고 인생의 갈림길에서 만나는 이야기를 담고 있다. 특히 각자의 삶에 대한 고민과 선택을 통해 인간관계의 복잡성을 그려내며, 독자들에게 깊은 감동을 주었다. 이 소설은 출간된 직후부터 독자들 사이에서 큰 반향을 일으켰고, 판매량 급증으로 베스트셀러 목록에 오르는 등 주목받고 있다. 소설의 작가는 이번 작품을 통해 인간의 본질적인 외로움과 함께 살아가는 방법을 깊이 있게 탐구하고자 했다고 밝혔다. 독자들은 또한 이 작품을 통해 자신을 돌아보는 시간을 갖게 되었고, 서로 다른 사람들이 어떻게 소통하고 이해할 수 있는지를 배우게 되었다.",최근 출간된 소설 <우리의 시간>의 주제는 무엇인가?,"['인간관계의 복잡성', '자연과의 조화', '사회적 갈등', '경제적 불평등', '역사적 사건들']",1,국어-문학,
augmented-203,"두 작품은 인간의 심리와 존재에 대한 심오한 숙고를 담고 있다. 첫 번째 저자는 현실과 환상의 경계를 허물며 인생을 시적인 방식으로 풀어내어, 관객에게 자아를 성찰할 기회를 제공한다. 반면, 두 번째 저자는 인간의 본성과 사회의 부조리를 냉철하게 분석하여, 독자로 하여금 혼란스러운 시대를 살아가는 방법을 숙고하게 만든다. 이들은 각각 예술로서의 삶과 사회비판적 시각을 바탕으로 서로 다른 삶의 이치를 탐구하고 있다. - 배경: 현대 문학의 대표적인 두 저자",위 지문에서 언급된 두 저자의 문학적 접근 방식은 각각 어떤 태도로 묘사될 수 있습니까?,"['시적, 성찰적', '조소적, 경멸적', '냉정한, 수용적', '복잡한, 단순한', '전통적인, 혁신적인']",1,국어-문학,
augmented-204,"문명의 발전 속에서 인간은 과거의 경험과 지혜를 소중히 여기는 동시에, 혁신과 창조의 욕구로 끊임없이 미래를 추구합니다. 그러나 이 두 가지 원동력 사이에서 균형을 맞추는 것은 쉽지 않습니다. 역사적으로 많은 사람들은 전통과 현대의 갈등 속에서 다양한 방식으로 자신을 찾고자 하였습니다. 그들은 새로운 것에 대한 열망을 품으면서도, 자신이 속한 문화와 정체성을 잃고 싶지 않았습니다. 결국 이러한 갈등은 개인의 삶 뿐만 아니라 사회 전체의 윤리와 가치를 형성하는 데 기여하게 됩니다. 사람들이 새로운 방식의 삶을 취하려고 할 때, 그 과정에서 과거의 유산에 대한 재평가가 이루어져야 하며, 우리는 그런 변화의 흐름 속에서 새로운 정체성을 발견할 수 있습니다.",이 지문을 통해 알 수 있는 주된 내용은 무엇인가?,"['과거와 현대의 갈등은 개인의 정체성 형성에 중요한 영향을 미친다.', '혁신은 항상 전통을 배척하는 방식으로 이루어진다.', '사회 전체의 윤리는 과거의 경험을 무시하고 현대의 발전을 따르는 것이다.', '새로운 정체성을 찾기 위해서는 과거의 경험을 전혀 고려할 필요가 없다.', '문명의 발전은 개인의 삶에 영향을 끼치지 않는다.']",1,국어-문학,
augmented-206,"다음의 시는 통일에 대한 염원과 아픔을 표현하고 있습니다. 고요한 밤, 산과 강은 여전히 그 자리에 있지만, 사람들은 서로를 잊고 기만하는 세상에 살고 있습니다. 이 시의 화자는 벼랑 끝에 선 듯한 마음으로 고향을 떠난 친구를 그리워하며, 서로가 닿지 못하는 거리와 그리움 속에서 잊혀서는 안 될 역사의 비극을 이야기하고 있습니다. ","위 시에서 ""흩어질 수 없는 인연""의 의미는 무엇인가요?","['우리의 기억이 세월 속에 사라지지 않도록 하려는 의지.', '서로가 소중한 인연임을 강조하려는 표현.', '과거의 아픔을 간직하고 잊지 않겠다는 다짐.', '고향에 대한 그리움과 통일의 염원을 나타냄.', '인연이 더욱 깊어지기를 바라는 기도의 의미.']",3,국어-문학,
augmented-207,"바람이 불기 시작하자 나무들은 자신의 볼륨을 운반하는 듯 흔들렸다. 달빛은 나무 사이에서 은은하게 비추며, 그 조용한 밤의 고요를 깨뜨렸다. 이 조화로운 풍경 속에서, 자연은 마치 인간에게 고백하듯 이야기를 전하려 했다. 나뭇잎의 속삭임은 인류가 찬란했던 시절, 고대의 지혜를 들려주고 있었다. 그들은 자연과 함께 존재했으며, 그 조화 속에서 자신의 정체성을 찾고자 했다. 이 모습은 인간이 자연에 대한 궁극적인 존경과 사랑을 가지고 있음을 상기시킨다.",다음 내용을 가장 잘 요약하는 주제로 적절한 것은 무엇입니까?,선택지:,1,국어-문학,
augmented-208,"최근 한 연구에서 청소년들이 디지털 매체에 노출되는 시간이 증가하면서 사회성 발달에 미치는 영향을 조사하였습니다. 연구에 따르면, 디지털 매체를 자주 사용하는 청소년은 대면 소통에서 어려움을 겪는 경향이 있으며, 이는 친구 관계 형성에 부정적인 영향을 미친다는 결과를 보였습니다. 연구자들은 이러한 현상을 예방하기 위해 대면 소통의 중요성을 강조하고 있습니다.",이 연구에서 강조하는 대면 소통의 중요성은 어떤 개념과 관련이 깊습니까?,"['사회적 상호작용', '정보의 소통', '정서적 지지', '인간 존재의 의미', '사회적 네트워크']",1,국어-독서,
augmented-209,"푸른 바다를 바라보며, 항해를 시작한 젊은 선원은 깊은 갈망으로 가득 차 있었다. 그에게 바다는 단순한 자연의 일부가 아니라, 자신을 발견할 수 있는 무한한 가능성의 상징이었다. 그는 먼 바다에서 새로운 문화와 사람들을 만나고, 자신이 그동안 모르고 지낸 세상의 이야기를 들을 수 있으리라 기대했다. 그러나 바다의 광활함은 때로는 외로움과 불안을 동반하기도 했다. 그런 날이면 그는 저 멀리 떠오르는 태양을 바라보며 새로운 출발을 다짐하곤 했다. ""나는 바다와 함께 성장할 것이고, 내 이야기를 만들어 나갈 것이다."" ",지문에서 젊은 선원에게 바다가 의미하는 것은 무엇이라고 할 수 있습니까?,"['자연의 아름다움', '경제적 기회', '신비한 세계의 탐험', '문화적 수용의 장', '자아 발견의 공간']",5,국어-문학,
augmented-211,"“과거에 찬란한 문화와 역사를 지닌 아즈텍 제국은, 신들과의 긴밀한 관계로 인해 발전할 수 있었다. 이들은 태양이 매일 다시 떠오르게 하는 힘을 그들의 신들의 은혜로 여겼고, 이를 위해 신들에게 정기적으로 제사를 지냈다. 아즈텍의 수도 텐노치티틀란은 장대한 건축물로 가득 차 있었으며, 그들의 위대한 신 툴루인의 사원은 특히 이목을 끌었다. 아름다운 공원과 복잡한 수로가 마련되어 있어, 도시의 미와 기능을 동시에 갖춘 이곳은 아즈텍의 영광을 보여주는 상징이었다. 또한 이들은 전쟁과 농업의 균형을 통해 사회를 안정시켰으며, 인구 또한 지속적으로 증가하였다. 그들의 독특한 문자 체계와 수학의 발전은 문화적 유산으로 남았다.”",본문에서 아즈텍 제국의 특성을 가장 잘 설명하는 진술은 다음 중 어떤 것인가?,선택지:,3,사회-역사  ,
augmented-212,"""거리의 풍경은 여전히 소란스러웠지만，정사각형의 작은 카페 안에서는 모든 것이 평화롭기만 했다. 한쪽 구석 테이블에 앉아 있는 낯선 사람은 조용히 책을 읽고 있었다. 그가 펼쳐놓은 페이지에는 '시간은 흘러가는 것이 아니라 기억이 쌓여가는 것이다'라는 글귀가 적혀 있었다. 이 말이 내 마음에 깊이 와닿는 순간, 나는 삶의 본질에 대해 다시 생각하게 되었다. 삶은 항상 온전하지 않지만, 그 조각들이 모여서 하나의 이야기를 이루는 것임을 깨달았다. 이처럼 흩어진 경험들을 어떻게 엮어낼 수 있을까?” ",지문에서 언급된 '시간'에 대한 저자의 관점은 무엇인가?,"['시간은 과거를 잊게 한다.', '시간은 모든 것을 변화시킨다.', '시간은 기억이 쌓이는 과정이다.', '시간은 반드시 흐른다.', '시간은 인간의 관념에 불과하다.']",3,국어-문학,
augmented-213,"“그녀는 세상을 향한 문을 열고 잠들지 않는 밤에도 자신의 꿈을 잃지 않았다. 따뜻한 파란색 하늘을 바라보며, 새로운 길을 찾아 떠나는 발걸음은 언제나 힘차고 당당했다. 어느 날, 그 길 위에서 만난 여백의 시간을 통해 진정한 자신의 모습을 찾게 되었다. ––“길을 찾는 여정”",다음 중 위 지문이 담고 있는 주제와 가장 관련 깊은 것은 무엇입니까?,"['꿈과 희망의 중요성', '역사적 인물의 회고', '비극적 상황의 극복', '사회적 불평등에 대한 비판', '자연 환경 보호의 필요성']",1,국어-문학,
augmented-214,"""하늘 위에는 수많은 별들이 반짝이며 그들 각각이 특별한 이야기를 지니고 있다. 고대의 사람들은 별자리를 통해 계절의 변화와 농업의 시기를 알았다. 예를 들어, 북두칠성은 항해자들에게 길잡이가 되어 주었고, 이 별을 기준으로 하여 뱃길을 정했다. 또한, 별자리의 위치에 따라서 여러 신화와 전설들도 나타났는데, 사람들은 별을 보며 자신들의 운명에 대해 고민하기도 했다. 이러한 별들은 단순한 점이 아니라, 인류와 깊은 유대를 형성하며 우주를 해석하는 중요한 프레임을 제공해 주었다.""",다음 중 위 지문에서 설명하고 있는 별자리의 역할과 관련된 내용으로 적절하지 않은 것은?,"['농업과 계절의 변화를 예측하는 데 사용되었다', '항해에 있어 방향을 제시하였다', '인간의 운명과 연결된 신화와 전설을 낳았다', '별자리는 천체의 물리적 구조를 설명하는 데 사용되었다', '고대 사람들에게 중요한 상징적 의미를 지니고 있었다']",4,국어-문학,
augmented-215,"고등학교 졸업을 앞둔 은주가 대학입학 전형을 준비하면서 심리학과와 문학과 중 어떤 전공을 선택할지 고민하고 있었습니다. 그녀는 자신이 좋아하는 독서와 글쓰기를 통해 정서적 표현을 하기를 원하지만, 동시에 사람들의 행동을 이해하고 돕고 싶다는 마음도 가지고 있었습니다. 여러 번의 고민 끝에, 그녀는 두 전공의 매력을 비교하며 피드백을 받기 위해 친구들과 상담하기로 결심했습니다. 친구들은 각 전공에 대해 자신이 느끼는 장단점을 토론하기 시작했습니다.",은주가 두 전공을 고민하게 된 주된 이유는 무엇인가요?,"['대학 진학에 대한 두려움', '자신의 진로에 대한 관심', '부모님의 권유', '친구들의 영향', '사회적 기대감']",2,국어-독서,
augmented-217,"바람이 불어오는 방향을 알지 못하는 작은 나뭇잎은, 자유를 찾아 떠나는 여행자와 비슷하다. 비록 길을 잃고 헤매더라도, 그 나뭇잎은 결국 자연의 일부로서 몸을 맡기게 된다. 그러므로 우리는 우리의 선택이 어디로 향하는지를 고민할 수 있지만, 그 끝은 항상 자기 자신과 연결되어 있음을 이해해야 한다. 우리의 삶이 거칠고 힘든 여정일지라도, 그 과정을 통해 진정한 자기 발견이 이루어진다. ",이 지문에서 가장 강조하고 있는 주제는 무엇인가?,"['자연의 힘에 대한 경외', '자기 발견의 과정', '여행의 중요성', '자유의 의미', '인생의 의미']",2,국어-독서,
augmented-218,"한국의 전통 음식 중 하나인 비빔밥은 그 고유의 색상과 영양가로 유명하다. 이 음식은 다양한 채소와 고기를 밥 위에 얹고 고추장과 참기름을 넣어 섞어서 먹는 방식으로 준비된다. 특히 비빔밥은 각 재료가 풍부한 영양소를 제공하여, 단순한 한 끼 식사 이상의 의미를 가진다. 비빔밥의 전통적인 형태는 돌솥비빔밥으로, 뜨거운 돌솥에서 조리되어 밥이 바닥에 눌어붙는 것이 특징이다. 적절한 조리법과 함께 먹으면 바삭한 밥의 식감과 함께 재료 본연의 맛을 즐길 수 있다. 국립 무형문화재로 지정된 비빔밥의 제 모습은 다양하며, 지역에 따라 재료와 양념의 종류가 달라져 각기 다른 맛을 낸다. 이로 인해 비빔밥은 한국의 대표적인 음식으로, 세계적으로도 그 명성이 높아지고 있다.",비빔밥의 전통적인 형태 중 하나로 올바른 것은 무엇인가?,"['매운탕', '비빔국수', '돌솥비빔밥', '김치찌개', '진주비빔밥']",3,국어-문화,
augmented-219,"21세기 초반, 한국 사회는 빠른 정보 기술의 발전과 함께 다양한 사회적 변화에 직면했다. 특히 개인의 자아 실현을 중시하는 경향이 강해졌고, 이는 결국 현대인의 삶의 방식에 큰 영향을 미쳤다. 많은 사람들이 스스로를 표현하기 위해 SNS를 활용하며, 다양한 콘텐츠를 만들어내기도 한다. 그러나 이러한 경향은 때때로 정보의 과잉을 초래하고, 개인의 프라이버시가 위협받는 문제를 일으키기도 한다. 이러한 상황에서 현대인의 정체성을 탐구하고 이를 바탕으로 사회적 관계를 어떻게 맺어가야 하는지를 고민하는 것이 중요한 주제가 되고 있다. 이와 관련하여 사회학자들은 “현대인은 어떤 관계 속에서 자신을 정의하는가?”라는 질문을 던지며 연구를 진행하고 있다. 이러한 변화를 통해 우리는 어떻게 건강한 사회적 관계를 형성할 수 있을까? ",현대 사회에서 개인이 자신을 정의하는 방식에 대한 지문의 핵심 주제는 무엇인가?,"['SNS의 과잉 정보', '자아 실현의 필요성', '개인의 프라이버시 문제', '정체성과 사회적 관계', '사회적 변화의 속도']",4,국어-독서,
